/*
SQLyog Ultimate v13.1.1 (64 bit)
MySQL - 8.0.23 : Database - jirui0
*********************************************************************
*/

/*!40101 SET NAMES utf8 */;

/*!40101 SET SQL_MODE=''*/;

/*!40014 SET @OLD_UNIQUE_CHECKS=@@UNIQUE_CHECKS, UNIQUE_CHECKS=0 */;
/*!40014 SET @OLD_FOREIGN_KEY_CHECKS=@@FOREIGN_KEY_CHECKS, FOREIGN_KEY_CHECKS=0 */;
/*!40101 SET @OLD_SQL_MODE=@@SQL_MODE, SQL_MODE='NO_AUTO_VALUE_ON_ZERO' */;
/*!40111 SET @OLD_SQL_NOTES=@@SQL_NOTES, SQL_NOTES=0 */;
CREATE DATABASE /*!32312 IF NOT EXISTS*/`jirui0` /*!40100 DEFAULT CHARACTER SET utf8mb4 COLLATE utf8mb4_bin */ /*!80016 ;

USE `jirui0`;

/*Table structure for table `acl_permission` */

DROP TABLE IF EXISTS `acl_permission`;

CREATE TABLE `acl_permission` (
  `id` varchar(20) CHARACTER SET utf8mb4 COLLATE utf8mb4_0900_ai_ci NOT NULL DEFAULT '' COMMENT '编号',
  `pid` varchar(20) CHARACTER SET utf8mb4 COLLATE utf8mb4_0900_ai_ci NOT NULL DEFAULT '' COMMENT '所属上级',
  `name` varchar(20) CHARACTER SET utf8mb4 COLLATE utf8mb4_0900_ai_ci NOT NULL DEFAULT '' COMMENT '名称',
  `type` tinyint NOT NULL DEFAULT '0' COMMENT '类型(1:菜单,2:按钮)',
  `permission_value` varchar(50) CHARACTER SET utf8mb4 COLLATE utf8mb4_0900_ai_ci DEFAULT NULL COMMENT '权限值',
  `path` varchar(100) CHARACTER SET utf8mb4 COLLATE utf8mb4_0900_ai_ci DEFAULT NULL COMMENT '访问路径',
  `component` varchar(100) CHARACTER SET utf8mb4 COLLATE utf8mb4_0900_ai_ci DEFAULT NULL COMMENT '组件路径',
  `icon` varchar(50) CHARACTER SET utf8mb4 COLLATE utf8mb4_0900_ai_ci DEFAULT NULL COMMENT '图标',
  `status` tinyint DEFAULT NULL COMMENT '状态(0:禁止,1:正常)',
  `is_deleted` tinyint unsigned NOT NULL DEFAULT '0' COMMENT '逻辑删除 1（true）已删除， 0（false）未删除',
  `create_time` datetime DEFAULT NULL COMMENT '创建时间',
  `update_time` datetime DEFAULT NULL COMMENT '更新时间',
  PRIMARY KEY (`id`),
  KEY `idx_pid` (`pid`)
) ENGINE=InnoDB DEFAULT CHARSET=utf8mb4 COLLATE=utf8mb4_bin COMMENT='权限';

/*Data for the table `acl_permission` */

insert  into `acl_permission`(`id`,`pid`,`name`,`type`,`permission_value`,`path`,`component`,`icon`,`status`,`is_deleted`,`create_time`,`update_time`) values 
('1','0','全部数据',0,'all',NULL,NULL,NULL,NULL,0,'2019-11-15 17:13:06','2019-11-15 17:13:06'),
('1195268474480156673','1','权限管理',1,'permission','/Permission','Layout',NULL,NULL,0,'2019-11-15 17:13:06','2019-11-18 13:54:25'),
('1195268616021139457','1195268474480156673','用户管理',1,'all','usermanager','/views/guide/user',NULL,NULL,0,'2019-11-15 17:13:40','2019-11-18 13:53:12'),
('1195268788138598401','1195268474480156673','角色管理',1,'permission','rolemanager','/views/guide/role',NULL,NULL,0,'2019-11-15 17:14:21','2019-11-15 17:14:21'),
('1195268893830864898','1195268474480156673','菜单管理',1,'permission','menumanager','/views/guide/menu',NULL,NULL,0,'2019-11-15 17:14:46','2019-11-15 17:14:46'),
('1195270621548568578','1195268788138598401','角色权限',2,'role.acl','distribution/:id','/acl/role/roleForm',NULL,NULL,0,'2019-11-15 17:21:38','2019-11-15 17:21:38'),
('1195349439240048642','1','菜品管理',1,'permission','/teacher','Layout',NULL,NULL,0,'2019-11-15 22:34:49','2019-11-15 22:34:49'),
('1195349699995734017','1195349439240048642','套餐列表',1,'permission','list','/views/example/list',NULL,NULL,0,'2019-11-15 22:35:52','2019-11-15 22:35:52'),
('1195349810561781761','1195349439240048642','添加讲师',1,'permission','addteacher','/edu/teacher/form',NULL,NULL,0,'2019-11-15 22:36:18','2019-11-15 22:36:18'),
('1195350299365969922','1','课程分类',1,'course','/subject','Layout',NULL,NULL,0,'2019-11-15 22:38:15','2019-11-15 22:38:15'),
('1195350397751758850','1195350299365969922','课程分类列表',1,'course','sort','/views/tab/index',NULL,NULL,0,'2019-11-15 22:38:38','2019-11-15 22:38:38'),
('1195350500512206850','1195350299365969922','导入课程分类',1,'course.delete','add','/views/tab/components/addsubject',NULL,NULL,0,'2019-11-15 22:39:03','2019-11-15 22:39:03'),
('1195350831744782337','1','套餐菜品管理',1,'course.add','/course','Layout',NULL,NULL,0,'2019-11-15 22:40:21','2019-11-15 22:40:21'),
('1195350919074385921','1195350831744782337','员工列表',1,'course.list','list','/views/permission/directive',NULL,NULL,0,'2019-11-15 22:40:42','2019-11-15 22:40:42'),
('1195351020463296513','1195350831744782337','发布课程',1,'course.add','publish','/views/permission/publish',NULL,NULL,0,'2019-11-15 22:41:06','2019-11-15 22:41:06'),
('1195351159672246274','1195350919074385921','完成发布',2,'course.publish','publish/:id','/edu/course/publish',NULL,NULL,0,'2019-11-15 22:41:40','2019-11-15 22:44:01'),
('1195351326706208770','1195350919074385921','编辑课程',2,'course.update','info/:id','/edu/course/info',NULL,NULL,0,'2019-11-15 22:42:19','2019-11-15 22:42:19'),
('1195351566221938690','1195350919074385921','编辑课程大纲',2,'chapter.update','chapter/:id','/edu/course/chapter',NULL,NULL,0,'2019-11-15 22:43:17','2019-11-15 22:43:17'),
('1195351862889254913','1','统计分析',1,'6','/charts','Layout',NULL,NULL,1,'2019-11-15 22:44:27','2019-11-15 22:44:27'),
('1195351968841568257','1195351862889254913','生成统计',1,'7','/data','/views/charts/keyboard',NULL,NULL,0,'2019-11-15 22:44:53','2019-11-15 22:44:53'),
('1195352054917074946','1195351862889254913','统计图表',1,'8','/line','/views/charts/line',NULL,NULL,0,'2019-11-15 22:45:13','2019-11-15 22:45:13'),
('1195352127734386690','1195352054917074946','查看',2,'daily.list','','',NULL,NULL,1,'2019-11-15 22:45:30','2019-11-15 22:45:30'),
('1195352215768633346','1195351968841568257','生成',2,'daily.add','','',NULL,NULL,1,'2019-11-15 22:45:51','2019-11-15 22:45:51'),
('1195352547621965825','1','CMS管理',1,'4','/cms','Layout',NULL,NULL,1,'2019-11-15 22:47:11','2019-11-18 10:51:46'),
('1195353513549205505','1195352547621965825','Bander列表',1,'5','banner/list','/cms/banner/list',NULL,NULL,0,'2019-11-15 22:51:01','2019-11-18 10:51:29'),
('1195353672110673921','1195353513549205505','删除',2,'banner.remove','','',NULL,NULL,0,'2019-11-15 22:51:39','2019-11-15 22:51:39'),
('1195354153482555393','1195354076890370050','订单列表',1,'6','list','/order/list',NULL,NULL,0,'2019-11-15 22:53:33','2019-11-15 22:53:58'),
('1196301740985311234','1195268616021139457','分配角色',2,'user.assgin','user/role/:id','/acl/user/roleForm',NULL,NULL,0,'2019-11-18 13:38:56','2019-11-18 13:38:56'),
('4','67','76',0,'user.assgi',NULL,'5',NULL,NULL,1,'2022-03-02 17:36:11','2022-03-02 17:36:13'),
('5','6','7',0,'user',NULL,NULL,NULL,NULL,1,'2022-03-02 17:36:15','2022-03-02 17:36:17');

/*Table structure for table `acl_role` */

DROP TABLE IF EXISTS `acl_role`;

CREATE TABLE `acl_role` (
  `id` varchar(20) CHARACTER SET utf8 COLLATE utf8_general_ci NOT NULL DEFAULT '' COMMENT '角色id',
  `role_name` varchar(20) CHARACTER SET utf8 COLLATE utf8_general_ci NOT NULL DEFAULT '' COMMENT '角色名称',
  `role_code` varchar(20) CHARACTER SET utf8 COLLATE utf8_general_ci DEFAULT NULL COMMENT '角色编码',
  `remark` varchar(255) CHARACTER SET utf8 COLLATE utf8_general_ci DEFAULT NULL COMMENT '备注',
  `is_deleted` tinyint unsigned NOT NULL DEFAULT '0' COMMENT '逻辑删除 1（true）已删除， 0（false）未删除',
  `create_time` datetime NOT NULL COMMENT '创建时间',
  `update_time` datetime NOT NULL COMMENT '更新时间',
  PRIMARY KEY (`id`)
) ENGINE=InnoDB DEFAULT CHARSET=utf8mb4 COLLATE=utf8mb4_bin;

/*Data for the table `acl_role` */

insert  into `acl_role`(`id`,`role_name`,`role_code`,`remark`,`is_deleted`,`create_time`,`update_time`) values 
('1','超级管理员',NULL,NULL,0,'2019-11-11 13:09:32','2020-08-21 11:59:37'),
('1536988759260061697','vip','vip','vip',0,'2022-06-15 16:27:31','2022-06-15 16:34:27'),
('1542003774887260161','ad','ad','ad',0,'2022-06-29 12:35:24','2022-06-29 12:35:31'),
('1542012848727093250','min','min','min',0,'2022-06-29 13:11:27','2022-06-29 13:11:34'),
('1548524707569258497','topadmin','1','高级管理员',0,'2022-07-17 12:27:15','2022-07-17 12:27:15'),
('1559843963413987330','ad','1','ad',0,'2022-08-17 18:05:56','2022-08-17 18:05:56'),
('1559845097864167426','zs','1','zs ',1,'2022-08-17 18:10:27','2022-08-17 18:10:44'),
('1559845241644908545','1','1','1',1,'2022-08-17 18:11:01','2022-08-17 18:11:06'),
('1559849157581340674','admin','5','admin',1,'2022-08-17 18:26:34','2022-08-17 18:26:51'),
('1559942000110993409','max','6','max',1,'2022-08-18 00:35:30','2022-08-18 00:35:39'),
('1559954376742936578','min','8','min',1,'2022-08-18 01:24:41','2022-08-18 01:24:50');

/*Table structure for table `acl_role_employee` */

DROP TABLE IF EXISTS `acl_role_employee`;

CREATE TABLE `acl_role_employee` (
  `id` varchar(20) CHARACTER SET utf8 COLLATE utf8_general_ci NOT NULL DEFAULT '' COMMENT '主键id',
  `role_id` varchar(20) CHARACTER SET utf8 COLLATE utf8_general_ci NOT NULL DEFAULT '' COMMENT '角色id',
  `employ_id` varchar(20) CHARACTER SET utf8 COLLATE utf8_general_ci NOT NULL DEFAULT '' COMMENT '用户id',
  `is_deleted` tinyint unsigned NOT NULL DEFAULT '0' COMMENT '逻辑删除 1（true）已删除， 0（false）未删除',
  `create_time` datetime NOT NULL COMMENT '创建时间',
  `update_time` datetime NOT NULL COMMENT '更新时间',
  PRIMARY KEY (`id`),
  KEY `idx_user_id` (`role_id`,`employ_id`)
) ENGINE=InnoDB DEFAULT CHARSET=utf8mb4 COLLATE=utf8mb4_bin;

/*Data for the table `acl_role_employee` */

insert  into `acl_role_employee`(`id`,`role_id`,`employ_id`,`is_deleted`,`create_time`,`update_time`) values 
('1536988759507525634','1536988759260061697','1499627791467302914',0,'2022-06-15 16:27:31','2022-06-15 16:27:31'),
('1542003775323467778','1542003774887260161','1532913244280455169',0,'2022-06-29 12:35:24','2022-06-29 12:35:24'),
('1542012848982945793','1542012848727093250','1532913244280455169',0,'2022-06-29 13:11:27','2022-06-29 13:11:27'),
('1548524708265512962','1548524707569258497','1499627791467302914',0,'2022-07-17 12:27:15','2022-07-17 12:27:15'),
('1548525526557446145','1548525526360313858','1499627791467302914',0,'2022-07-17 12:30:30','2022-07-17 12:30:30'),
('1559843184309436417','1559843184028418050','1499627791467302914',0,'2022-08-17 18:02:50','2022-08-17 18:02:50'),
('1559843347950206978','1559843347685965826','1499627791467302914',0,'2022-08-17 18:03:29','2022-08-17 18:03:29'),
('1559843963606925314','1559843963413987330','1499627791467302914',0,'2022-08-17 18:05:56','2022-08-17 18:05:56'),
('1559845098577199106','1559845097864167426','1529375430347665410',1,'2022-08-17 18:10:27','2022-08-17 18:10:27'),
('1559845241837846529','1559845241644908545','1529375430347665410',1,'2022-08-17 18:11:01','2022-08-17 18:11:01'),
('1559849157778472961','1559849157581340674','1559848948914716673',1,'2022-08-17 18:26:34','2022-08-17 18:26:34'),
('1559942000241016834','1559942000110993409','1559848948914716673',1,'2022-08-18 00:35:30','2022-08-18 00:35:30'),
('1559954377489522689','1559954376742936578','1559848948914716673',1,'2022-08-18 01:24:41','2022-08-18 01:24:41');

/*Table structure for table `acl_role_permission` */

DROP TABLE IF EXISTS `acl_role_permission`;

CREATE TABLE `acl_role_permission` (
  `id` varchar(20) CHARACTER SET utf8 COLLATE utf8_general_ci NOT NULL DEFAULT '',
  `role_id` varchar(20) CHARACTER SET utf8 COLLATE utf8_general_ci NOT NULL,
  `permission_id` varchar(20) CHARACTER SET utf8 COLLATE utf8_general_ci NOT NULL,
  `is_deleted` tinyint unsigned NOT NULL DEFAULT '0' COMMENT '逻辑删除 1（true）已删除， 0（false）未删除',
  `create_time` datetime NOT NULL COMMENT '创建时间',
  `update_time` datetime NOT NULL COMMENT '更新时间',
  PRIMARY KEY (`id`),
  KEY `idx_role_id` (`role_id`,`permission_id`)
) ENGINE=InnoDB DEFAULT CHARSET=utf8mb4 COLLATE=utf8mb4_bin COMMENT='角色权限';

/*Data for the table `acl_role_permission` */

insert  into `acl_role_permission`(`id`,`role_id`,`permission_id`,`is_deleted`,`create_time`,`update_time`) values 
('1536988770047811586','1536988759260061697','1',1,'2022-06-15 16:27:33','2022-06-15 16:27:33'),
('1536988770047811587','1536988759260061697','1195268474480156673',1,'2022-06-15 16:27:33','2022-06-15 16:27:33'),
('1536988770047811588','1536988759260061697','1195268616021139457',1,'2022-06-15 16:27:33','2022-06-15 16:27:33'),
('1536988770047811589','1536988759260061697','1196301740985311234',1,'2022-06-15 16:27:33','2022-06-15 16:27:33'),
('1536988770047811590','1536988759260061697','1195268788138598401',1,'2022-06-15 16:27:33','2022-06-15 16:27:33'),
('1536988770047811591','1536988759260061697','1195270621548568578',1,'2022-06-15 16:27:33','2022-06-15 16:27:33'),
('1536988770114920449','1536988759260061697','1195268893830864898',1,'2022-06-15 16:27:33','2022-06-15 16:27:33'),
('1536988770114920450','1536988759260061697','1195349439240048642',1,'2022-06-15 16:27:33','2022-06-15 16:27:33'),
('1536988770114920451','1536988759260061697','1195349699995734017',1,'2022-06-15 16:27:33','2022-06-15 16:27:33'),
('1536988770114920452','1536988759260061697','1195349810561781761',1,'2022-06-15 16:27:33','2022-06-15 16:27:33'),
('1536988770114920453','1536988759260061697','1195350299365969922',1,'2022-06-15 16:27:33','2022-06-15 16:27:33'),
('1536988770114920454','1536988759260061697','1195350397751758850',1,'2022-06-15 16:27:33','2022-06-15 16:27:33'),
('1536988770114920455','1536988759260061697','1195350500512206850',1,'2022-06-15 16:27:33','2022-06-15 16:27:33'),
('1536988770114920456','1536988759260061697','1195350831744782337',1,'2022-06-15 16:27:33','2022-06-15 16:27:33'),
('1536988770114920457','1536988759260061697','1195350919074385921',1,'2022-06-15 16:27:33','2022-06-15 16:27:33'),
('1536988770114920458','1536988759260061697','1195351159672246274',1,'2022-06-15 16:27:33','2022-06-15 16:27:33'),
('1536988770114920459','1536988759260061697','1195351326706208770',1,'2022-06-15 16:27:33','2022-06-15 16:27:33'),
('1536988770114920460','1536988759260061697','1195351566221938690',1,'2022-06-15 16:27:33','2022-06-15 16:27:33'),
('1536988770114920461','1536988759260061697','1195351020463296513',1,'2022-06-15 16:27:33','2022-06-15 16:27:33'),
('1536988770182029313','1536988759260061697','1195351862889254913',1,'2022-06-15 16:27:33','2022-06-15 16:27:33'),
('1536988770182029314','1536988759260061697','1195351968841568257',1,'2022-06-15 16:27:33','2022-06-15 16:27:33'),
('1536988770182029315','1536988759260061697','1195352215768633346',1,'2022-06-15 16:27:33','2022-06-15 16:27:33'),
('1536988770182029316','1536988759260061697','1195352054917074946',1,'2022-06-15 16:27:33','2022-06-15 16:27:33'),
('1536988770182029317','1536988759260061697','1195352127734386690',1,'2022-06-15 16:27:33','2022-06-15 16:27:33'),
('1536988770182029318','1536988759260061697','1195352547621965825',1,'2022-06-15 16:27:33','2022-06-15 16:27:33'),
('1536988770182029319','1536988759260061697','1195353513549205505',1,'2022-06-15 16:27:33','2022-06-15 16:27:33'),
('1536988770182029320','1536988759260061697','1195353672110673921',1,'2022-06-15 16:27:33','2022-06-15 16:27:33'),
('1542003791509286914','1542003774887260161','1195350299365969922',1,'2022-06-29 12:35:28','2022-06-29 12:35:28'),
('1542003791572201473','1542003774887260161','1195350397751758850',1,'2022-06-29 12:35:28','2022-06-29 12:35:28'),
('1542003791572201474','1542003774887260161','1195350500512206850',1,'2022-06-29 12:35:28','2022-06-29 12:35:28'),
('1542012865621749762','1542012848727093250','1195351862889254913',1,'2022-06-29 13:11:31','2022-06-29 13:11:31'),
('1542012865621749763','1542012848727093250','1195351968841568257',1,'2022-06-29 13:11:31','2022-06-29 13:11:31'),
('1542012865672081409','1542012848727093250','1195352215768633346',1,'2022-06-29 13:11:31','2022-06-29 13:11:31'),
('1542012865672081410','1542012848727093250','1195352054917074946',1,'2022-06-29 13:11:31','2022-06-29 13:11:31'),
('1542012865672081411','1542012848727093250','1195352127734386690',1,'2022-06-29 13:11:31','2022-06-29 13:11:31'),
('1542012865672081412','1542012848727093250','1195352547621965825',1,'2022-06-29 13:11:31','2022-06-29 13:11:31'),
('1542012865672081413','1542012848727093250','1195353513549205505',1,'2022-06-29 13:11:31','2022-06-29 13:11:31'),
('1542012865739190273','1542012848727093250','1195353672110673921',1,'2022-06-29 13:11:31','2022-06-29 13:11:31'),
('1559843195168489473','1559843184028418050','1',0,'2022-08-17 18:02:53','2022-08-17 18:02:53'),
('1559843195168489474','1559843184028418050','1195268474480156673',0,'2022-08-17 18:02:53','2022-08-17 18:02:53'),
('1559843195168489475','1559843184028418050','1195268616021139457',0,'2022-08-17 18:02:53','2022-08-17 18:02:53'),
('1559843195168489476','1559843184028418050','1196301740985311234',0,'2022-08-17 18:02:53','2022-08-17 18:02:53'),
('1559843195168489477','1559843184028418050','1195268788138598401',0,'2022-08-17 18:02:53','2022-08-17 18:02:53'),
('1559843195235598338','1559843184028418050','1195270621548568578',0,'2022-08-17 18:02:53','2022-08-17 18:02:53'),
('1559843195235598339','1559843184028418050','1195268893830864898',0,'2022-08-17 18:02:53','2022-08-17 18:02:53'),
('1559843195235598340','1559843184028418050','1195349439240048642',0,'2022-08-17 18:02:53','2022-08-17 18:02:53'),
('1559843195235598341','1559843184028418050','1195349699995734017',0,'2022-08-17 18:02:53','2022-08-17 18:02:53'),
('1559843195235598342','1559843184028418050','1195349810561781761',0,'2022-08-17 18:02:53','2022-08-17 18:02:53'),
('1559843195235598343','1559843184028418050','1195350299365969922',0,'2022-08-17 18:02:53','2022-08-17 18:02:53'),
('1559843195302707202','1559843184028418050','1195350397751758850',0,'2022-08-17 18:02:53','2022-08-17 18:02:53'),
('1559843195302707203','1559843184028418050','1195350500512206850',0,'2022-08-17 18:02:53','2022-08-17 18:02:53'),
('1559843195302707204','1559843184028418050','1195350831744782337',0,'2022-08-17 18:02:53','2022-08-17 18:02:53'),
('1559843195302707205','1559843184028418050','1195350919074385921',0,'2022-08-17 18:02:53','2022-08-17 18:02:53'),
('1559843195302707206','1559843184028418050','1195351159672246274',0,'2022-08-17 18:02:53','2022-08-17 18:02:53'),
('1559843195302707207','1559843184028418050','1195351326706208770',0,'2022-08-17 18:02:53','2022-08-17 18:02:53'),
('1559843195365621761','1559843184028418050','1195351566221938690',0,'2022-08-17 18:02:53','2022-08-17 18:02:53'),
('1559843195365621762','1559843184028418050','1195351020463296513',0,'2022-08-17 18:02:53','2022-08-17 18:02:53'),
('1559843195365621763','1559843184028418050','1195351862889254913',0,'2022-08-17 18:02:53','2022-08-17 18:02:53'),
('1559843195365621764','1559843184028418050','1195351968841568257',0,'2022-08-17 18:02:53','2022-08-17 18:02:53'),
('1559843195365621765','1559843184028418050','1195352215768633346',0,'2022-08-17 18:02:53','2022-08-17 18:02:53'),
('1559843195365621766','1559843184028418050','1195352054917074946',0,'2022-08-17 18:02:53','2022-08-17 18:02:53'),
('1559843195365621767','1559843184028418050','1195352127734386690',0,'2022-08-17 18:02:53','2022-08-17 18:02:53'),
('1559843195365621768','1559843184028418050','1195352547621965825',0,'2022-08-17 18:02:53','2022-08-17 18:02:53'),
('1559843195365621769','1559843184028418050','1195353513549205505',0,'2022-08-17 18:02:53','2022-08-17 18:02:53'),
('1559843195365621770','1559843184028418050','1195353672110673921',0,'2022-08-17 18:02:53','2022-08-17 18:02:53'),
('1559843358297554946','1559843347685965826','1',0,'2022-08-17 18:03:32','2022-08-17 18:03:32'),
('1559843358297554947','1559843347685965826','1195268474480156673',0,'2022-08-17 18:03:32','2022-08-17 18:03:32'),
('1559843358364663809','1559843347685965826','1195268616021139457',0,'2022-08-17 18:03:32','2022-08-17 18:03:32'),
('1559843358364663810','1559843347685965826','1196301740985311234',0,'2022-08-17 18:03:32','2022-08-17 18:03:32'),
('1559843358364663811','1559843347685965826','1195268788138598401',0,'2022-08-17 18:03:32','2022-08-17 18:03:32'),
('1559843358364663812','1559843347685965826','1195270621548568578',0,'2022-08-17 18:03:32','2022-08-17 18:03:32'),
('1559843358364663813','1559843347685965826','1195268893830864898',0,'2022-08-17 18:03:32','2022-08-17 18:03:32'),
('1559843358364663814','1559843347685965826','1195349439240048642',0,'2022-08-17 18:03:32','2022-08-17 18:03:32'),
('1559843358364663815','1559843347685965826','1195349699995734017',0,'2022-08-17 18:03:32','2022-08-17 18:03:32'),
('1559843358364663816','1559843347685965826','1195349810561781761',0,'2022-08-17 18:03:32','2022-08-17 18:03:32'),
('1559843358364663817','1559843347685965826','1195350299365969922',0,'2022-08-17 18:03:32','2022-08-17 18:03:32'),
('1559843358364663818','1559843347685965826','1195350397751758850',0,'2022-08-17 18:03:32','2022-08-17 18:03:32'),
('1559843358364663819','1559843347685965826','1195350500512206850',0,'2022-08-17 18:03:32','2022-08-17 18:03:32'),
('1559843358431772674','1559843347685965826','1195350831744782337',0,'2022-08-17 18:03:32','2022-08-17 18:03:32'),
('1559843358431772675','1559843347685965826','1195350919074385921',0,'2022-08-17 18:03:32','2022-08-17 18:03:32'),
('1559843358431772676','1559843347685965826','1195351159672246274',0,'2022-08-17 18:03:32','2022-08-17 18:03:32'),
('1559843358431772677','1559843347685965826','1195351326706208770',0,'2022-08-17 18:03:32','2022-08-17 18:03:32'),
('1559843358431772678','1559843347685965826','1195351566221938690',0,'2022-08-17 18:03:32','2022-08-17 18:03:32'),
('1559843358431772679','1559843347685965826','1195351020463296513',0,'2022-08-17 18:03:32','2022-08-17 18:03:32'),
('1559843358431772680','1559843347685965826','1195351862889254913',0,'2022-08-17 18:03:32','2022-08-17 18:03:32'),
('1559843358431772681','1559843347685965826','1195351968841568257',0,'2022-08-17 18:03:32','2022-08-17 18:03:32'),
('1559843358431772682','1559843347685965826','1195352215768633346',0,'2022-08-17 18:03:32','2022-08-17 18:03:32'),
('1559843358431772683','1559843347685965826','1195352054917074946',0,'2022-08-17 18:03:32','2022-08-17 18:03:32'),
('1559843358431772684','1559843347685965826','1195352127734386690',0,'2022-08-17 18:03:32','2022-08-17 18:03:32'),
('1559843358498881538','1559843347685965826','1195352547621965825',0,'2022-08-17 18:03:32','2022-08-17 18:03:32'),
('1559843358498881539','1559843347685965826','1195353513549205505',0,'2022-08-17 18:03:32','2022-08-17 18:03:32'),
('1559843358498881540','1559843347685965826','1195353672110673921',0,'2022-08-17 18:03:32','2022-08-17 18:03:32'),
('1559843977129361410','1559843963413987330','1',0,'2022-08-17 18:05:59','2022-08-17 18:05:59'),
('1559843977129361411','1559843963413987330','1195268474480156673',0,'2022-08-17 18:05:59','2022-08-17 18:05:59'),
('1559843977129361412','1559843963413987330','1195268616021139457',0,'2022-08-17 18:05:59','2022-08-17 18:05:59'),
('1559843977129361413','1559843963413987330','1196301740985311234',0,'2022-08-17 18:05:59','2022-08-17 18:05:59'),
('1559843977129361414','1559843963413987330','1195268788138598401',0,'2022-08-17 18:05:59','2022-08-17 18:05:59'),
('1559843977129361415','1559843963413987330','1195270621548568578',0,'2022-08-17 18:05:59','2022-08-17 18:05:59'),
('1559843977129361416','1559843963413987330','1195268893830864898',0,'2022-08-17 18:05:59','2022-08-17 18:05:59'),
('1559843977129361417','1559843963413987330','1195349439240048642',0,'2022-08-17 18:05:59','2022-08-17 18:05:59'),
('1559843977196470274','1559843963413987330','1195349699995734017',0,'2022-08-17 18:05:59','2022-08-17 18:05:59'),
('1559843977196470275','1559843963413987330','1195349810561781761',0,'2022-08-17 18:05:59','2022-08-17 18:05:59'),
('1559843977196470276','1559843963413987330','1195350299365969922',0,'2022-08-17 18:05:59','2022-08-17 18:05:59'),
('1559843977196470277','1559843963413987330','1195350397751758850',0,'2022-08-17 18:05:59','2022-08-17 18:05:59'),
('1559843977196470278','1559843963413987330','1195350500512206850',0,'2022-08-17 18:05:59','2022-08-17 18:05:59'),
('1559843977196470279','1559843963413987330','1195350831744782337',0,'2022-08-17 18:05:59','2022-08-17 18:05:59'),
('1559843977196470280','1559843963413987330','1195350919074385921',0,'2022-08-17 18:05:59','2022-08-17 18:05:59'),
('1559843977196470281','1559843963413987330','1195351159672246274',0,'2022-08-17 18:05:59','2022-08-17 18:05:59'),
('1559843977196470282','1559843963413987330','1195351326706208770',0,'2022-08-17 18:05:59','2022-08-17 18:05:59'),
('1559843977196470283','1559843963413987330','1195351566221938690',0,'2022-08-17 18:05:59','2022-08-17 18:05:59'),
('1559843977196470284','1559843963413987330','1195351020463296513',0,'2022-08-17 18:05:59','2022-08-17 18:05:59'),
('1559843977196470285','1559843963413987330','1195351862889254913',0,'2022-08-17 18:05:59','2022-08-17 18:05:59'),
('1559843977196470286','1559843963413987330','1195351968841568257',0,'2022-08-17 18:05:59','2022-08-17 18:05:59'),
('1559843977196470287','1559843963413987330','1195352215768633346',0,'2022-08-17 18:05:59','2022-08-17 18:05:59'),
('1559843977196470288','1559843963413987330','1195352054917074946',0,'2022-08-17 18:05:59','2022-08-17 18:05:59'),
('1559843977196470289','1559843963413987330','1195352127734386690',0,'2022-08-17 18:05:59','2022-08-17 18:05:59'),
('1559843977196470290','1559843963413987330','1195352547621965825',0,'2022-08-17 18:05:59','2022-08-17 18:05:59'),
('1559843977196470291','1559843963413987330','1195353513549205505',0,'2022-08-17 18:05:59','2022-08-17 18:05:59'),
('1559843977196470292','1559843963413987330','1195353672110673921',0,'2022-08-17 18:05:59','2022-08-17 18:05:59'),
('1559845118940545026','1559845097864167426','1',1,'2022-08-17 18:10:32','2022-08-17 18:10:32'),
('1559845118940545027','1559845097864167426','1195268474480156673',1,'2022-08-17 18:10:32','2022-08-17 18:10:32'),
('1559845118940545028','1559845097864167426','1195268616021139457',1,'2022-08-17 18:10:32','2022-08-17 18:10:32'),
('1559845118940545029','1559845097864167426','1196301740985311234',1,'2022-08-17 18:10:32','2022-08-17 18:10:32'),
('1559845118940545030','1559845097864167426','1195268788138598401',1,'2022-08-17 18:10:32','2022-08-17 18:10:32'),
('1559845118940545031','1559845097864167426','1195270621548568578',1,'2022-08-17 18:10:32','2022-08-17 18:10:32'),
('1559845118940545032','1559845097864167426','1195268893830864898',1,'2022-08-17 18:10:32','2022-08-17 18:10:32'),
('1559845118940545033','1559845097864167426','1195349439240048642',1,'2022-08-17 18:10:32','2022-08-17 18:10:32'),
('1559845118940545034','1559845097864167426','1195349699995734017',1,'2022-08-17 18:10:32','2022-08-17 18:10:32'),
('1559845118940545035','1559845097864167426','1195349810561781761',1,'2022-08-17 18:10:32','2022-08-17 18:10:32'),
('1559845118940545036','1559845097864167426','1195350299365969922',1,'2022-08-17 18:10:32','2022-08-17 18:10:32'),
('1559845118940545037','1559845097864167426','1195350397751758850',1,'2022-08-17 18:10:32','2022-08-17 18:10:32'),
('1559845118940545038','1559845097864167426','1195350500512206850',1,'2022-08-17 18:10:32','2022-08-17 18:10:32'),
('1559845118940545039','1559845097864167426','1195350831744782337',1,'2022-08-17 18:10:32','2022-08-17 18:10:32'),
('1559845118940545040','1559845097864167426','1195350919074385921',1,'2022-08-17 18:10:32','2022-08-17 18:10:32'),
('1559845118940545041','1559845097864167426','1195351159672246274',1,'2022-08-17 18:10:32','2022-08-17 18:10:32'),
('1559845118940545042','1559845097864167426','1195351326706208770',1,'2022-08-17 18:10:32','2022-08-17 18:10:32'),
('1559845118940545043','1559845097864167426','1195351566221938690',1,'2022-08-17 18:10:32','2022-08-17 18:10:32'),
('1559845118940545044','1559845097864167426','1195351020463296513',1,'2022-08-17 18:10:32','2022-08-17 18:10:32'),
('1559845118940545045','1559845097864167426','1195351862889254913',1,'2022-08-17 18:10:32','2022-08-17 18:10:32'),
('1559845119003459586','1559845097864167426','1195351968841568257',1,'2022-08-17 18:10:32','2022-08-17 18:10:32'),
('1559845119003459587','1559845097864167426','1195352215768633346',1,'2022-08-17 18:10:32','2022-08-17 18:10:32'),
('1559845119003459588','1559845097864167426','1195352054917074946',1,'2022-08-17 18:10:32','2022-08-17 18:10:32'),
('1559845119003459589','1559845097864167426','1195352127734386690',1,'2022-08-17 18:10:32','2022-08-17 18:10:32'),
('1559845119003459590','1559845097864167426','1195352547621965825',1,'2022-08-17 18:10:32','2022-08-17 18:10:32'),
('1559845119003459591','1559845097864167426','1195353513549205505',1,'2022-08-17 18:10:32','2022-08-17 18:10:32'),
('1559845119003459592','1559845097864167426','1195353672110673921',1,'2022-08-17 18:10:32','2022-08-17 18:10:32'),
('1559845251879010305','1559845241644908545','1',1,'2022-08-17 18:11:03','2022-08-17 18:11:03'),
('1559845251879010306','1559845241644908545','1195268474480156673',1,'2022-08-17 18:11:03','2022-08-17 18:11:03'),
('1559845251879010307','1559845241644908545','1195268616021139457',1,'2022-08-17 18:11:03','2022-08-17 18:11:03'),
('1559845251946119170','1559845241644908545','1196301740985311234',1,'2022-08-17 18:11:03','2022-08-17 18:11:03'),
('1559845251946119171','1559845241644908545','1195268788138598401',1,'2022-08-17 18:11:03','2022-08-17 18:11:03'),
('1559845251946119172','1559845241644908545','1195270621548568578',1,'2022-08-17 18:11:03','2022-08-17 18:11:03'),
('1559845251946119173','1559845241644908545','1195268893830864898',1,'2022-08-17 18:11:03','2022-08-17 18:11:03'),
('1559845251946119174','1559845241644908545','1195349439240048642',1,'2022-08-17 18:11:03','2022-08-17 18:11:03'),
('1559845251946119175','1559845241644908545','1195349699995734017',1,'2022-08-17 18:11:03','2022-08-17 18:11:03'),
('1559845251946119176','1559845241644908545','1195349810561781761',1,'2022-08-17 18:11:03','2022-08-17 18:11:03'),
('1559845251946119177','1559845241644908545','1195350299365969922',1,'2022-08-17 18:11:03','2022-08-17 18:11:03'),
('1559845251946119178','1559845241644908545','1195350397751758850',1,'2022-08-17 18:11:03','2022-08-17 18:11:03'),
('1559845251946119179','1559845241644908545','1195350500512206850',1,'2022-08-17 18:11:03','2022-08-17 18:11:03'),
('1559845251946119180','1559845241644908545','1195350831744782337',1,'2022-08-17 18:11:03','2022-08-17 18:11:03'),
('1559845251946119181','1559845241644908545','1195350919074385921',1,'2022-08-17 18:11:03','2022-08-17 18:11:03'),
('1559845251946119182','1559845241644908545','1195351159672246274',1,'2022-08-17 18:11:03','2022-08-17 18:11:03'),
('1559845251946119183','1559845241644908545','1195351326706208770',1,'2022-08-17 18:11:03','2022-08-17 18:11:03'),
('1559845251946119184','1559845241644908545','1195351566221938690',1,'2022-08-17 18:11:03','2022-08-17 18:11:03'),
('1559845251946119185','1559845241644908545','1195351020463296513',1,'2022-08-17 18:11:03','2022-08-17 18:11:03'),
('1559845251946119186','1559845241644908545','1195351862889254913',1,'2022-08-17 18:11:03','2022-08-17 18:11:03'),
('1559845251946119187','1559845241644908545','1195351968841568257',1,'2022-08-17 18:11:03','2022-08-17 18:11:03'),
('1559845251946119188','1559845241644908545','1195352215768633346',1,'2022-08-17 18:11:03','2022-08-17 18:11:03'),
('1559845251946119189','1559845241644908545','1195352054917074946',1,'2022-08-17 18:11:03','2022-08-17 18:11:03'),
('1559845251946119190','1559845241644908545','1195352127734386690',1,'2022-08-17 18:11:03','2022-08-17 18:11:03'),
('1559845251946119191','1559845241644908545','1195352547621965825',1,'2022-08-17 18:11:03','2022-08-17 18:11:03'),
('1559845251946119192','1559845241644908545','1195353513549205505',1,'2022-08-17 18:11:03','2022-08-17 18:11:03'),
('1559845251946119193','1559845241644908545','1195353672110673921',1,'2022-08-17 18:11:03','2022-08-17 18:11:03'),
('1559849187394453505','1559849157581340674','1',1,'2022-08-17 18:26:42','2022-08-17 18:26:42'),
('1559849187394453506','1559849157581340674','1195268474480156673',1,'2022-08-17 18:26:42','2022-08-17 18:26:42'),
('1559849187394453507','1559849157581340674','1195268616021139457',1,'2022-08-17 18:26:42','2022-08-17 18:26:42'),
('1559849187394453508','1559849157581340674','1196301740985311234',1,'2022-08-17 18:26:42','2022-08-17 18:26:42'),
('1559849187394453509','1559849157581340674','1195268788138598401',1,'2022-08-17 18:26:42','2022-08-17 18:26:42'),
('1559849187394453510','1559849157581340674','1195270621548568578',1,'2022-08-17 18:26:42','2022-08-17 18:26:42'),
('1559849187394453511','1559849157581340674','1195268893830864898',1,'2022-08-17 18:26:42','2022-08-17 18:26:42'),
('1559849187394453512','1559849157581340674','1195349439240048642',1,'2022-08-17 18:26:42','2022-08-17 18:26:42'),
('1559849187394453513','1559849157581340674','1195349699995734017',1,'2022-08-17 18:26:42','2022-08-17 18:26:42'),
('1559849187394453514','1559849157581340674','1195349810561781761',1,'2022-08-17 18:26:42','2022-08-17 18:26:42'),
('1559849187461562369','1559849157581340674','1195350299365969922',1,'2022-08-17 18:26:42','2022-08-17 18:26:42'),
('1559849187461562370','1559849157581340674','1195350397751758850',1,'2022-08-17 18:26:42','2022-08-17 18:26:42'),
('1559849187461562371','1559849157581340674','1195350500512206850',1,'2022-08-17 18:26:42','2022-08-17 18:26:42'),
('1559849187461562372','1559849157581340674','1195350831744782337',1,'2022-08-17 18:26:42','2022-08-17 18:26:42'),
('1559849187461562373','1559849157581340674','1195350919074385921',1,'2022-08-17 18:26:42','2022-08-17 18:26:42'),
('1559849187461562374','1559849157581340674','1195351159672246274',1,'2022-08-17 18:26:42','2022-08-17 18:26:42'),
('1559849187461562375','1559849157581340674','1195351326706208770',1,'2022-08-17 18:26:42','2022-08-17 18:26:42'),
('1559849187461562376','1559849157581340674','1195351566221938690',1,'2022-08-17 18:26:42','2022-08-17 18:26:42'),
('1559849187528671233','1559849157581340674','1195351020463296513',1,'2022-08-17 18:26:42','2022-08-17 18:26:42'),
('1559849187528671234','1559849157581340674','1195351862889254913',1,'2022-08-17 18:26:42','2022-08-17 18:26:42'),
('1559849187528671235','1559849157581340674','1195351968841568257',1,'2022-08-17 18:26:42','2022-08-17 18:26:42'),
('1559849187528671236','1559849157581340674','1195352215768633346',1,'2022-08-17 18:26:42','2022-08-17 18:26:42'),
('1559849187528671237','1559849157581340674','1195352054917074946',1,'2022-08-17 18:26:42','2022-08-17 18:26:42'),
('1559849187528671238','1559849157581340674','1195352127734386690',1,'2022-08-17 18:26:42','2022-08-17 18:26:42'),
('1559849187528671239','1559849157581340674','1195352547621965825',1,'2022-08-17 18:26:42','2022-08-17 18:26:42'),
('1559849187528671240','1559849157581340674','1195353513549205505',1,'2022-08-17 18:26:42','2022-08-17 18:26:42'),
('1559849187528671241','1559849157581340674','1195353672110673921',1,'2022-08-17 18:26:42','2022-08-17 18:26:42'),
('1559942024416985089','1559942000110993409','1',1,'2022-08-18 00:35:36','2022-08-18 00:35:36'),
('1559942024416985090','1559942000110993409','1195268474480156673',1,'2022-08-18 00:35:36','2022-08-18 00:35:36'),
('1559942024416985091','1559942000110993409','1195268616021139457',1,'2022-08-18 00:35:36','2022-08-18 00:35:36'),
('1559942024416985092','1559942000110993409','1196301740985311234',1,'2022-08-18 00:35:36','2022-08-18 00:35:36'),
('1559942024416985093','1559942000110993409','1195268788138598401',1,'2022-08-18 00:35:36','2022-08-18 00:35:36'),
('1559942024416985094','1559942000110993409','1195270621548568578',1,'2022-08-18 00:35:36','2022-08-18 00:35:36'),
('1559942024416985095','1559942000110993409','1195268893830864898',1,'2022-08-18 00:35:36','2022-08-18 00:35:36'),
('1559942024416985096','1559942000110993409','1195349439240048642',1,'2022-08-18 00:35:36','2022-08-18 00:35:36'),
('1559942024416985097','1559942000110993409','1195349699995734017',1,'2022-08-18 00:35:36','2022-08-18 00:35:36'),
('1559942024416985098','1559942000110993409','1195349810561781761',1,'2022-08-18 00:35:36','2022-08-18 00:35:36'),
('1559942024416985099','1559942000110993409','1195350299365969922',1,'2022-08-18 00:35:36','2022-08-18 00:35:36'),
('1559942024416985100','1559942000110993409','1195350397751758850',1,'2022-08-18 00:35:36','2022-08-18 00:35:36'),
('1559942024416985101','1559942000110993409','1195350500512206850',1,'2022-08-18 00:35:36','2022-08-18 00:35:36'),
('1559942024484093953','1559942000110993409','1195350831744782337',1,'2022-08-18 00:35:36','2022-08-18 00:35:36'),
('1559942024484093954','1559942000110993409','1195350919074385921',1,'2022-08-18 00:35:36','2022-08-18 00:35:36'),
('1559942024484093955','1559942000110993409','1195351159672246274',1,'2022-08-18 00:35:36','2022-08-18 00:35:36'),
('1559942024484093956','1559942000110993409','1195351326706208770',1,'2022-08-18 00:35:36','2022-08-18 00:35:36'),
('1559942024484093957','1559942000110993409','1195351566221938690',1,'2022-08-18 00:35:36','2022-08-18 00:35:36'),
('1559942024484093958','1559942000110993409','1195351020463296513',1,'2022-08-18 00:35:36','2022-08-18 00:35:36'),
('1559942024484093959','1559942000110993409','1195351862889254913',1,'2022-08-18 00:35:36','2022-08-18 00:35:36'),
('1559942024555397122','1559942000110993409','1195351968841568257',1,'2022-08-18 00:35:36','2022-08-18 00:35:36'),
('1559942024555397123','1559942000110993409','1195352215768633346',1,'2022-08-18 00:35:36','2022-08-18 00:35:36'),
('1559942024555397124','1559942000110993409','1195352054917074946',1,'2022-08-18 00:35:36','2022-08-18 00:35:36'),
('1559942024555397125','1559942000110993409','1195352127734386690',1,'2022-08-18 00:35:36','2022-08-18 00:35:36'),
('1559942024555397126','1559942000110993409','1195352547621965825',1,'2022-08-18 00:35:36','2022-08-18 00:35:36'),
('1559942024555397127','1559942000110993409','1195353513549205505',1,'2022-08-18 00:35:36','2022-08-18 00:35:36'),
('1559942024555397128','1559942000110993409','1195353672110673921',1,'2022-08-18 00:35:36','2022-08-18 00:35:36'),
('1559954400734355457','1559954376742936578','1',1,'2022-08-18 01:24:46','2022-08-18 01:24:46'),
('1559954400814047234','1559954376742936578','1195268474480156673',1,'2022-08-18 01:24:46','2022-08-18 01:24:46'),
('1559954400822435842','1559954376742936578','1195268616021139457',1,'2022-08-18 01:24:46','2022-08-18 01:24:46'),
('1559954400822435843','1559954376742936578','1196301740985311234',1,'2022-08-18 01:24:46','2022-08-18 01:24:46'),
('1559954400822435844','1559954376742936578','1195268788138598401',1,'2022-08-18 01:24:46','2022-08-18 01:24:46'),
('1559954400822435845','1559954376742936578','1195270621548568578',1,'2022-08-18 01:24:46','2022-08-18 01:24:46'),
('1559954400864378882','1559954376742936578','1195268893830864898',1,'2022-08-18 01:24:46','2022-08-18 01:24:46'),
('1559954400864378883','1559954376742936578','1195349439240048642',1,'2022-08-18 01:24:46','2022-08-18 01:24:46'),
('1559954400864378884','1559954376742936578','1195349699995734017',1,'2022-08-18 01:24:46','2022-08-18 01:24:46'),
('1559954400864378885','1559954376742936578','1195349810561781761',1,'2022-08-18 01:24:46','2022-08-18 01:24:46'),
('1559954400864378886','1559954376742936578','1195350299365969922',1,'2022-08-18 01:24:46','2022-08-18 01:24:46'),
('1559954400927293442','1559954376742936578','1195350397751758850',1,'2022-08-18 01:24:46','2022-08-18 01:24:46'),
('1559954400927293443','1559954376742936578','1195350500512206850',1,'2022-08-18 01:24:46','2022-08-18 01:24:46'),
('1559954400927293444','1559954376742936578','1195350831744782337',1,'2022-08-18 01:24:46','2022-08-18 01:24:46'),
('1559954400990208002','1559954376742936578','1195350919074385921',1,'2022-08-18 01:24:46','2022-08-18 01:24:46'),
('1559954400990208003','1559954376742936578','1195351159672246274',1,'2022-08-18 01:24:46','2022-08-18 01:24:46'),
('1559954400990208004','1559954376742936578','1195351326706208770',1,'2022-08-18 01:24:46','2022-08-18 01:24:46'),
('1559954400990208005','1559954376742936578','1195351566221938690',1,'2022-08-18 01:24:46','2022-08-18 01:24:46'),
('1559954400990208006','1559954376742936578','1195351020463296513',1,'2022-08-18 01:24:46','2022-08-18 01:24:46'),
('1559954400990208007','1559954376742936578','1195351862889254913',1,'2022-08-18 01:24:46','2022-08-18 01:24:46'),
('1559954400990208008','1559954376742936578','1195351968841568257',1,'2022-08-18 01:24:46','2022-08-18 01:24:46'),
('1559954401053122562','1559954376742936578','1195352215768633346',1,'2022-08-18 01:24:46','2022-08-18 01:24:46'),
('1559954401053122563','1559954376742936578','1195352054917074946',1,'2022-08-18 01:24:46','2022-08-18 01:24:46'),
('1559954401053122564','1559954376742936578','1195352127734386690',1,'2022-08-18 01:24:46','2022-08-18 01:24:46'),
('1559954401053122565','1559954376742936578','1195352547621965825',1,'2022-08-18 01:24:46','2022-08-18 01:24:46'),
('1559954401116037122','1559954376742936578','1195353513549205505',1,'2022-08-18 01:24:46','2022-08-18 01:24:46'),
('1559954401116037123','1559954376742936578','1195353672110673921',1,'2022-08-18 01:24:46','2022-08-18 01:24:46');

/*Table structure for table `address_book` */

DROP TABLE IF EXISTS `address_book`;

CREATE TABLE `address_book` (
  `id` varchar(20) CHARACTER SET utf8 COLLATE utf8_bin NOT NULL COMMENT '主键',
  `user_id` varchar(20) CHARACTER SET utf8 COLLATE utf8_bin NOT NULL COMMENT '用户id',
  `consignee` varchar(50) CHARACTER SET utf8 COLLATE utf8_bin NOT NULL COMMENT '收货人',
  `sex` tinyint NOT NULL COMMENT '性别 0 女 1 男',
  `phone` varchar(11) CHARACTER SET utf8 COLLATE utf8_bin NOT NULL COMMENT '手机号',
  `province_code` varchar(12) CHARACTER SET utf8mb4 COLLATE utf8mb4_0900_ai_ci DEFAULT NULL COMMENT '省级区划编号',
  `province_name` varchar(32) CHARACTER SET utf8mb4 COLLATE utf8mb4_0900_ai_ci DEFAULT NULL COMMENT '省级名称',
  `city_code` varchar(12) CHARACTER SET utf8mb4 COLLATE utf8mb4_0900_ai_ci DEFAULT NULL COMMENT '市级区划编号',
  `city_name` varchar(32) CHARACTER SET utf8mb4 COLLATE utf8mb4_0900_ai_ci DEFAULT NULL COMMENT '市级名称',
  `district_code` varchar(12) CHARACTER SET utf8mb4 COLLATE utf8mb4_0900_ai_ci DEFAULT NULL COMMENT '区级区划编号',
  `district_name` varchar(32) CHARACTER SET utf8mb4 COLLATE utf8mb4_0900_ai_ci DEFAULT NULL COMMENT '区级名称',
  `detail` varchar(200) CHARACTER SET utf8mb4 COLLATE utf8mb4_0900_ai_ci DEFAULT NULL COMMENT '详细地址',
  `label` varchar(100) CHARACTER SET utf8mb4 COLLATE utf8mb4_0900_ai_ci DEFAULT NULL COMMENT '标签',
  `is_default` tinyint(1) NOT NULL DEFAULT '0' COMMENT '默认 0 否 1是',
  `create_time` datetime NOT NULL COMMENT '创建时间',
  `update_time` datetime NOT NULL COMMENT '更新时间',
  `create_user` varchar(20) CHARACTER SET utf8 COLLATE utf8_bin NOT NULL COMMENT '创建人',
  `update_user` varchar(20) CHARACTER SET utf8 COLLATE utf8_bin NOT NULL COMMENT '修改人',
  `is_deleted` int NOT NULL DEFAULT '0' COMMENT '是否删除',
  PRIMARY KEY (`id`) USING BTREE
) ENGINE=InnoDB DEFAULT CHARSET=utf8 COLLATE=utf8_bin COMMENT='地址管理';

/*Data for the table `address_book` */

insert  into `address_book`(`id`,`user_id`,`consignee`,`sex`,`phone`,`province_code`,`province_name`,`city_code`,`city_name`,`district_code`,`district_name`,`detail`,`label`,`is_default`,`create_time`,`update_time`,`create_user`,`update_user`,`is_deleted`) values 
('1','1532643102890115074','ye',1,'13018448349',NULL,NULL,NULL,NULL,NULL,NULL,'广东广州市市桥区布谷布谷堡','家',1,'2022-06-15 22:57:13','2022-08-21 00:02:40','1','1559891071345180673',0),
('1531275373389975553','1518853017015697409','ye',1,'13018448349',NULL,NULL,NULL,NULL,NULL,NULL,'广东广州市市桥区布谷布谷堡','家',1,'2022-05-30 22:04:33','2022-08-21 00:02:40','1531166252296732673','1559891071345180673',0),
('1531501659200765954','1519299126825664514','ye',1,'13018448349',NULL,NULL,NULL,NULL,NULL,NULL,'广东广州市市桥区布谷布谷堡','家',1,'2022-05-31 13:03:44','2022-08-21 00:02:40','1531166252296732673','1559891071345180673',0),
('1532292054505742337','1531166252296732673','ye',1,'13018448349',NULL,NULL,NULL,NULL,NULL,NULL,'广东广州市市桥区布谷布谷堡','家',1,'2022-06-02 17:24:29','2022-08-21 00:02:40','1531166252296732673','1559891071345180673',0),
('1539836590282948609','1539833456869425154','ye',1,'13018448349',NULL,NULL,NULL,NULL,NULL,NULL,'广东广州市市桥区布谷布谷堡','家',1,'2022-06-23 13:03:47','2022-08-21 00:02:40','1539833456869425154','1559891071345180673',0),
('1539848140397989890','1539833456869425154','ye',1,'13018448349',NULL,NULL,NULL,NULL,NULL,NULL,'广东广州市市桥区布谷布谷堡','家',1,'2022-06-23 13:49:40','2022-08-21 00:02:40','1539833456869425154','1559891071345180673',0),
('1541409590685892609','1540312882774151170','ye',1,'13018448349',NULL,NULL,NULL,NULL,NULL,NULL,'广东广州市市桥区布谷布谷堡','家',1,'2022-06-27 21:14:19','2022-08-21 00:02:40','1540312882774151170','1559891071345180673',0),
('1541634521679978497','1540312882774151170','ye',1,'13018448349',NULL,NULL,NULL,NULL,NULL,NULL,'广东广州市市桥区布谷布谷堡','家',1,'2022-06-28 12:08:07','2022-08-21 00:02:40','1540312882774151170','1559891071345180673',0),
('1541659733284773890','1540312882774151170','ye',1,'13018448349',NULL,NULL,NULL,NULL,NULL,NULL,'广东广州市市桥区布谷布谷堡','家',1,'2022-06-28 13:48:18','2022-08-21 00:02:40','1540312882774151170','1559891071345180673',0),
('1541971165893255170','1541970944996016130','ye',1,'13018448349',NULL,NULL,NULL,NULL,NULL,NULL,'广东广州市市桥区布谷布谷堡','家',1,'2022-06-29 10:25:49','2022-08-21 00:02:40','1541970944996016130','1559891071345180673',0),
('1541973407715188737','1541970944996016130','ye',1,'13018448349',NULL,NULL,NULL,NULL,NULL,NULL,'广东广州市市桥区布谷布谷堡','家',1,'2022-06-29 10:34:44','2022-08-21 00:02:40','1541970944996016130','1559891071345180673',0),
('1542013936612032514','1540312882774151170','ye',1,'13018448349',NULL,NULL,NULL,NULL,NULL,NULL,'广东广州市市桥区布谷布谷堡','家',1,'2022-06-29 13:15:46','2022-08-21 00:02:40','1540312882774151170','1559891071345180673',0),
('1547522432319213570','1540312882774151170','ye',1,'13018448349',NULL,NULL,NULL,NULL,NULL,NULL,'广东广州市市桥区布谷布谷堡','家',1,'2022-07-14 18:04:34','2022-08-21 00:02:40','1540312882774151170','1559891071345180673',0),
('1559056806126559233','1559056534134419458','ye',1,'13018448349',NULL,NULL,NULL,NULL,NULL,NULL,'广东广州市市桥区布谷布谷堡','家',1,'2022-08-15 13:58:03','2022-08-21 00:02:40','1559056534134419458','1559891071345180673',0),
('1559058141274185730','obtwi6qhvKSfuUwhgo8','ye',1,'13018448349',NULL,NULL,NULL,NULL,NULL,NULL,'广东广州市市桥区布谷布谷堡','家',1,'2022-08-15 14:03:21','2022-08-21 00:02:40','obtwi6qhvKSfuUwhgo8','1559891071345180673',0),
('1559847370526900226','1559073020026646529','ye',1,'13018448349',NULL,NULL,NULL,NULL,NULL,NULL,'广东广州市市桥区布谷布谷堡','家',1,'2022-08-17 18:19:28','2022-08-21 00:02:40','1559073020026646529','1559891071345180673',0),
('1559941063858536450','1559891071345180673','ye',1,'13018448349',NULL,NULL,NULL,NULL,NULL,NULL,'广东广州市市桥区布谷布谷堡','家',1,'2022-08-18 00:31:47','2022-08-21 00:02:40','1559891071345180673','1559891071345180673',0),
('1559953920411136001','1559940056915197954','ye',1,'13018448349',NULL,NULL,NULL,NULL,NULL,NULL,'广东广州市市桥区布谷布谷堡','家',1,'2022-08-18 01:22:52','2022-08-21 00:02:40','1559940056915197954','1559891071345180673',0);

/*Table structure for table `category` */

DROP TABLE IF EXISTS `category`;

CREATE TABLE `category` (
  `id` varchar(20) CHARACTER SET utf8 COLLATE utf8_bin NOT NULL COMMENT '主键',
  `type` int DEFAULT NULL COMMENT '类型   1 菜品分类 2 套餐分类',
  `name` varchar(64) CHARACTER SET utf8 COLLATE utf8_bin NOT NULL COMMENT '分类名称',
  `sort` int NOT NULL DEFAULT '0' COMMENT '顺序',
  `create_time` datetime NOT NULL COMMENT '创建时间',
  `update_time` datetime NOT NULL COMMENT '更新时间',
  `create_user` varchar(20) CHARACTER SET utf8 COLLATE utf8_bin NOT NULL COMMENT '创建人',
  `update_user` varchar(20) CHARACTER SET utf8 COLLATE utf8_bin NOT NULL COMMENT '修改人',
  `is_deleted` int NOT NULL DEFAULT '0' COMMENT '是否删除',
  PRIMARY KEY (`id`) USING BTREE,
  UNIQUE KEY `idx_category_name` (`name`),
  KEY `sort` (`sort`,`create_time`)
) ENGINE=InnoDB DEFAULT CHARSET=utf8 COLLATE=utf8_bin COMMENT='菜品及套餐分类';

/*Data for the table `category` */

insert  into `category`(`id`,`type`,`name`,`sort`,`create_time`,`update_time`,`create_user`,`update_user`,`is_deleted`) values 
('1397844263642378242',1,'湘菜',3,'2021-05-27 09:16:58','2022-05-27 19:02:57','1','1499627791467302914',0),
('1397844303408574465',1,'川菜',2,'2021-05-27 09:17:07','2021-06-02 14:27:22','1','1',0),
('1397844391040167938',1,'粤菜',3,'2021-05-27 09:17:28','2021-07-09 14:37:13','1','1',0),
('1413341197421846529',1,'饮品',11,'2021-07-09 11:36:15','2021-07-09 14:39:15','1','1',0),
('1413342269393674242',2,'商务套餐',5,'2021-07-09 11:40:30','2021-07-09 14:43:45','1','1',0),
('1413384954989060097',1,'主食',12,'2021-07-09 14:30:07','2022-06-29 12:35:44','1','1499627791467302914',1),
('1413386191767674881',2,'儿童套餐',6,'2021-07-09 14:35:02','2022-05-28 15:30:33','1','1499627791467302914',0),
('1514518234500497409',2,'减肥套餐',2,'2022-04-14 16:17:40','2022-04-16 21:18:13','1','1',0),
('1514518391317135361',1,'简餐',10,'2022-04-14 16:18:17','2022-06-05 16:32:18','1','1499627791467302914',0),
('1529838532994355202',2,'蜜雪冰城',2,'2022-05-26 22:52:01','2022-06-29 13:12:05','1499627791467302914','1499627791467302914',0),
('1529841340808253441',1,'5',5,'2022-05-26 22:52:01','2022-05-27 10:35:09','1499627791467302914','1499627791467302914',0),
('1530011301306585089',2,'夏天套餐',1,'2022-05-27 10:19:38','2022-05-27 10:35:09','1499627791467302914','1499627791467302914',0),
('1530011339403448322',1,'冬天菜品',1,'2022-05-27 10:19:38','2022-05-27 10:35:09','1499627791467302914','1499627791467302914',0),
('1530021815462031361',2,'姆斯汉堡',5,'2022-05-27 11:03:07','2022-05-27 11:25:30','1499627791467302914','1499627791467302914',0),
('1530448556064137217',1,'冬天美食',1,'2022-05-28 15:00:18','2022-05-28 15:30:33','1499627791467302914','1499627791467302914',0),
('1530448702743142402',2,'春天套餐',3,'2022-05-28 15:00:18','2022-06-05 15:57:30','1499627791467302914','1499627791467302914',1),
('1542003886703132674',1,'12',12,'2022-06-29 12:35:50','2022-06-29 13:11:45','1499627791467302914','1499627791467302914',1),
('1542012952519262209',2,'123',123,'2022-06-29 13:11:52','2022-08-18 00:35:56','1499627791467302914','1499627791467302914',1),
('1548526003290476546',1,'招牌',2,'2022-07-17 12:32:24','2022-07-17 12:32:24','1499627791467302914','1499627791467302914',0),
('1559845322532167681',1,'hahha',1,'2022-08-17 18:11:20','2022-08-17 18:11:20','1499627791467302914','1499627791467302914',0),
('1559845346674581505',2,'hahahahah',2,'2022-08-17 18:11:26','2022-08-17 18:11:26','1499627791467302914','1499627791467302914',0),
('1559849324862873602',1,'meiwei',66,'2022-08-17 18:27:14','2022-08-17 18:27:14','1499627791467302914','1499627791467302914',0),
('1559849369083420674',2,'新增菜品',88,'2022-08-17 18:27:25','2022-08-17 18:27:25','1499627791467302914','1499627791467302914',0),
('1559942205493583874',1,'四季套餐',55,'2022-08-18 00:36:19','2022-08-18 00:36:19','1499627791467302914','1499627791467302914',0),
('1559954476395466754',1,'四季',7,'2022-08-18 01:25:04','2022-08-18 01:25:04','1499627791467302914','1499627791467302914',0);

/*Table structure for table `comment` */

DROP TABLE IF EXISTS `comment`;

CREATE TABLE `comment` (
  `id` bigint NOT NULL COMMENT '主键id',
  `nickname` varchar(255) COLLATE utf8mb4_bin DEFAULT NULL COMMENT '评论者昵称',
  `avatar` varchar(255) COLLATE utf8mb4_bin DEFAULT NULL COMMENT '评论头像',
  `content` varchar(255) COLLATE utf8mb4_bin DEFAULT NULL COMMENT '评论的内容',
  `menu_id` varchar(20) COLLATE utf8mb4_bin DEFAULT NULL COMMENT '评论的菜品id',
  `parent_id` bigint DEFAULT '-1' COMMENT '父级评论id',
  `is_deleted` tinyint(1) DEFAULT '0',
  `create_time` datetime DEFAULT NULL,
  PRIMARY KEY (`id`)
) ENGINE=InnoDB DEFAULT CHARSET=utf8mb4 COLLATE=utf8mb4_bin COMMENT='评论表';

/*Data for the table `comment` */

insert  into `comment`(`id`,`nickname`,`avatar`,`content`,`menu_id`,`parent_id`,`is_deleted`,`create_time`) values 
(1,'admin',NULL,'逆天','1',-1,0,'2022-08-23 21:36:47'),
(2,'1',NULL,'确实上头','1',1,0,'2022-08-23 21:38:07'),
(3,'2',NULL,'不上头','1',2,0,'2022-08-24 00:13:21'),
(4,'3',NULL,'22222','1',-1,0,'2022-08-24 00:14:36'),
(5,'4',NULL,'66666','1',3,0,'2022-08-24 00:21:10'),
(6,'5',NULL,'555555','1',1,0,'2022-08-24 00:23:52'),
(7,'6',NULL,'666666','1',5,0,'2022-08-24 16:41:10');

/*Table structure for table `dish` */

DROP TABLE IF EXISTS `dish`;

CREATE TABLE `dish` (
  `id` varchar(20) CHARACTER SET utf8 COLLATE utf8_bin NOT NULL COMMENT '主键',
  `name` varchar(64) CHARACTER SET utf8 COLLATE utf8_bin NOT NULL COMMENT '菜品名称',
  `category_id` varchar(20) CHARACTER SET utf8 COLLATE utf8_bin NOT NULL COMMENT '菜品分类id',
  `price` decimal(10,2) DEFAULT NULL COMMENT '菜品价格',
  `code` varchar(64) CHARACTER SET utf8 COLLATE utf8_bin NOT NULL COMMENT '商品码',
  `image` varchar(300) CHARACTER SET utf8 COLLATE utf8_bin NOT NULL COMMENT '图片',
  `description` varchar(400) CHARACTER SET utf8 COLLATE utf8_bin DEFAULT NULL COMMENT '描述信息',
  `status` int NOT NULL DEFAULT '1' COMMENT '0 停售 1 起售',
  `sort` int NOT NULL DEFAULT '0' COMMENT '顺序',
  `create_time` datetime NOT NULL COMMENT '创建时间',
  `update_time` datetime NOT NULL COMMENT '更新时间',
  `create_user` varchar(20) CHARACTER SET utf8 COLLATE utf8_bin NOT NULL COMMENT '创建人',
  `update_user` varchar(20) CHARACTER SET utf8 COLLATE utf8_bin NOT NULL COMMENT '修改人',
  `is_deleted` int NOT NULL DEFAULT '0' COMMENT '是否删除',
  PRIMARY KEY (`id`) USING BTREE,
  UNIQUE KEY `idx_dish_name` (`name`)
) ENGINE=InnoDB DEFAULT CHARSET=utf8 COLLATE=utf8_bin COMMENT='菜品管理';

/*Data for the table `dish` */

insert  into `dish`(`id`,`name`,`category_id`,`price`,`code`,`image`,`description`,`status`,`sort`,`create_time`,`update_time`,`create_user`,`update_user`,`is_deleted`) values 
('1','123','1397844263642378242',1234.00,'123','','1397844263642378242',1,0,'2022-05-28 15:31:49','2022-05-29 21:23:36','1','1499627791467302914',1),
('1397849739276890114','辣子鸡','1397844263642378242',7800.00,'222222222','\r\nhttps://ed-bucket.oss-cn-beijing.aliyuncs.com/edu/9e7192de147121abf21a3a0143bcb2d2022-02-112.jpg','来自鲜嫩美味的小鸡，值得一尝',1,0,'2021-05-27 09:38:43','2021-05-27 09:38:43','1','1',0),
('1397850140982161409','毛氏红烧肉','1397844263642378242',6800.00,'123412341234','\r\nhttps://ed-bucket.oss-cn-beijing.aliyuncs.com/edu/9e7192de147121abf21a3a0143bcb2d2022-02-112.jpg','毛氏红烧肉毛氏红烧肉，确定不来一份？',1,0,'2021-05-27 09:40:19','2021-05-27 09:40:19','1','1',0),
('1397850392090947585','组庵鱼翅','1397844263642378242',4800.00,'123412341234','\r\nhttps://ed-bucket.oss-cn-beijing.aliyuncs.com/edu/9e7192de147121abf21a3a0143bcb2d2022-02-112.jpg','组庵鱼翅，看图足以表明好吃程度',1,0,'2021-05-27 09:41:19','2021-05-27 09:41:19','1','1',0),
('1397850851245600769','霸王别姬','1397844263642378242',12800.00,'123412341234','\r\nhttps://ed-bucket.oss-cn-beijing.aliyuncs.com/edu/9e7192de147121abf21a3a0143bcb2d2022-02-112.jpg','还有什么比霸王别姬更美味的呢？',1,0,'2021-05-27 09:43:08','2022-05-29 21:27:54','1','1499627791467302914',1),
('1397851099502260226','全家福','1397844263642378242',11800.00,'23412341234','\r\nhttps://ed-bucket.oss-cn-beijing.aliyuncs.com/edu/9e7192de147121abf21a3a0143bcb2d2022-02-112.jpg','别光吃肉啦，来份全家福吧，让你长寿又美味',1,0,'2021-05-27 09:44:08','2021-05-27 09:44:08','1','1',0),
('1397851370462687234','邵阳猪血丸子','1397844263642378242',13800.00,'1246812345678','\r\nhttps://ed-bucket.oss-cn-beijing.aliyuncs.com/edu/9e7192de147121abf21a3a0143bcb2d2022-02-112.jpg','看，美味不？来嘛来嘛，这才是最爱吖',1,0,'2021-05-27 09:45:12','2021-05-27 09:45:12','1','1',0),
('1397851668262465537','口味蛇','1397844263642378242',16800.00,'1234567812345678','\r\nhttps://ed-bucket.oss-cn-beijing.aliyuncs.com/edu/9e7192de147121abf21a3a0143bcb2d2022-02-112.jpg','爬行界的扛把子，东兴-口味蛇，让你欲罢不能',1,0,'2021-05-27 09:46:23','2021-05-27 09:46:23','1','1',0),
('1397852391150759938','辣子鸡丁','1397844303408574465',8800.00,'2346812468','\r\nhttps://ed-bucket.oss-cn-beijing.aliyuncs.com/edu/9e7192de147121abf21a3a0143bcb2d2022-02-112.jpg','辣子鸡丁，辣子鸡丁，永远的魂',1,0,'2021-05-27 09:49:16','2022-05-29 21:23:36','1','1499627791467302914',1),
('1397853183287013378','麻辣兔头','1397844303408574465',19800.00,'123456787654321','\r\nhttps://ed-bucket.oss-cn-beijing.aliyuncs.com/edu/9e7192de147121abf21a3a0143bcb2d2022-02-112.jpg','麻辣兔头的详细制作，麻辣鲜香，色泽红润，回味悠长',1,0,'2021-05-27 09:52:24','2022-05-29 21:23:36','1','1499627791467302914',1),
('1397853709101740034','蒜泥白肉','1397844303408574465',9800.00,'1234321234321','https://ed-bucket.oss-cn-beijing.aliyuncs.com/picture.jpg','多么的有食欲啊1',1,0,'2021-05-27 09:54:30','2022-05-29 21:27:54','1','1499627791467302914',1),
('1397853890262118402','鱼香肉丝','1397844303408574465',3800.00,'1234212321234','\r\nhttps://ed-bucket.oss-cn-beijing.aliyuncs.com/edu/9e7192de147121abf21a3a0143bcb2d2022-02-112.jpg','鱼香肉丝简直就是我们童年回忆的一道经典菜，上学的时候点个鱼香肉丝盖饭坐在宿舍床上看着肥皂剧，绝了！现在完美复刻一下上学的时候感觉',1,0,'2021-05-27 09:55:13','2022-08-17 18:11:40','1','1499627791467302914',0),
('1397854652581064706','麻辣水煮鱼','1397844303408574465',14800.00,'2345312·345321','\r\nhttps://ed-bucket.oss-cn-beijing.aliyuncs.com/edu/9e7192de147121abf21a3a0143bcb2d2022-02-112.jpg','鱼片是买的切好的鱼片，放几个虾，增加味道',1,0,'2021-05-27 09:58:15','2022-08-17 18:11:40','1','1499627791467302914',0),
('1397854865672679425','鱼香炒鸡蛋','1397844303408574465',2000.00,'23456431·23456','\r\nhttps://ed-bucket.oss-cn-beijing.aliyuncs.com/edu/9e7192de147121abf21a3a0143bcb2d2022-02-112.jpg','鱼香菜也是川味的特色。里面没有鱼却鱼香味',1,0,'2021-05-27 09:59:06','2022-08-17 18:11:40','1','1499627791467302914',0),
('1397860242057375745','脆皮烧鹅','1397844391040167938',12800.00,'123456786543213456','\r\nhttps://ed-bucket.oss-cn-beijing.aliyuncs.com/edu/9e7192de147121abf21a3a0143bcb2d2022-02-112.jpg','“广东烤鸭美而香，却胜烧鹅说古冈（今新会），燕瘦环肥各佳妙，君休偏重便宜坊”，可见烧鹅与烧鸭在粤菜之中已早负盛名。作为广州最普遍和最受欢迎的烧烤肉食，以它的“色泽金红，皮脆肉嫩，味香可口”的特色，在省城各大街小巷的烧卤店随处可见。',0,0,'2021-05-27 10:20:27','2022-07-17 12:33:21','1','1499627791467302914',0),
('1397860963880316929','脆皮乳鸽','1397844391040167938',10800.00,'1234563212345','\r\nhttps://ed-bucket.oss-cn-beijing.aliyuncs.com/edu/9e7192de147121abf21a3a0143bcb2d2022-02-112.jpg','“脆皮乳鸽”是广东菜中的一道传统名菜，属于粤菜系，具有皮脆肉嫩、色泽红亮、鲜香味美的特点，常吃可使身体强健，清肺顺气。随着菜品制作工艺的不断发展，逐渐形成了熟炸法、生炸法和烤制法三种制作方法。无论那种制作方法，都是在鸽子经过一系列的加工，挂脆皮水后再加工而成，正宗的“脆皮乳鸽皮脆肉嫩、色泽红亮、鲜香味美、香气馥郁。这三种方法的制作过程都不算复杂，但想达到理想的效果并不容易。',0,0,'2021-05-27 10:23:19','2022-08-18 01:25:24','1','1499627791467302914',0),
('1397861683434139649','清蒸河鲜海鲜','1397844391040167938',38800.00,'1234567876543213456','\r\nhttps://ed-bucket.oss-cn-beijing.aliyuncs.com/edu/9e7192de147121abf21a3a0143bcb2d2022-02-112.jpg','新鲜的海鲜，清蒸是最好的处理方式。鲜，体会为什么叫海鲜。清蒸是广州最经典的烹饪手法，过去岭南地区由于峻山大岭阻隔，交通不便，经济发展起步慢，自家打的鱼放在锅里煮了就吃，没有太多的讲究，但却发现这清淡的煮法能使鱼的鲜甜跃然舌尖。',1,0,'2021-05-27 10:26:11','2022-08-18 01:25:33','1','1499627791467302914',0),
('1397862198033297410','老火靓汤','1397844391040167938',49800.00,'123456786532455','\r\nhttps://ed-bucket.oss-cn-beijing.aliyuncs.com/edu/9e7192de147121abf21a3a0143bcb2d2022-02-112.jpg','老火靓汤又称广府汤，是广府人传承数千年的食补养生秘方，慢火煲煮的中华老火靓汤，火候足，时间长，既取药补之效，又取入口之甘甜。 广府老火汤种类繁多，可以用各种汤料和烹调方法，烹制出各种不同口味、不同功效的汤来。',0,0,'2021-05-27 10:28:14','2022-04-25 15:18:11','1','1',0),
('1397862477831122945','上汤焗龙虾','1397844391040167938',108800.00,'1234567865432','\r\nhttps://ed-bucket.oss-cn-beijing.aliyuncs.com/edu/9e7192de147121abf21a3a0143bcb2d2022-02-112.jpg','上汤焗龙虾是一道色香味俱全的传统名菜，属于粤菜系。此菜以龙虾为主料，配以高汤制成的一道海鲜美食。本品肉质洁白细嫩，味道鲜美，蛋白质含量高，脂肪含量低，营养丰富。是色香味俱全的传统名菜。',1,0,'2021-05-27 10:29:20','2022-04-25 20:36:01','1','1',0),
('1413342036832100354','北冰洋','1413341197421846529',500.00,'9999','\r\nhttps://ed-bucket.oss-cn-beijing.aliyuncs.com/edu/9e7192de147121abf21a3a0143bcb2d2022-02-112.jpg','999999',1,0,'2021-07-09 11:39:35','2022-04-25 15:17:46','1','1',0),
('1413384757047271425','王老吉','1413341197421846529',500.00,'9999','\r\nhttps://ed-bucket.oss-cn-beijing.aliyuncs.com/edu/9e7192de147121abf21a3a0143bcb2d2022-02-112.jpg','啊啊啊啊啊',0,0,'2021-07-09 14:29:20','2022-04-25 15:18:12','1','1',0),
('1518377248351068161','珍珠奶茶','1413341197421846529',1700.00,'9','\r\nhttps://ed-bucket.oss-cn-beijing.aliyuncs.com/edu/9e7192de147121abf21a3a0143bcb2d2022-02-112.jpg','珍珠奶茶',0,0,'2022-04-25 07:52:00','2022-04-25 20:36:04','1','1',0),
('1530483686698844161','山东卤味鸡','1397844263642378242',20000.00,'2','https://ed-bucket.oss-cn-beijing.aliyuncs.com/picture.jpg','山东卤味鸡山东卤味鸡山东卤味鸡',1,0,'2022-05-28 17:38:35','2022-05-28 17:38:35','1499627791467302914','1499627791467302914',0),
('1530483838687838210','北京烤鸭','1397844303408574465',20000.00,'北京烤鸭','https://ed-bucket.oss-cn-beijing.aliyuncs.com/picture.jpg','北京烤鸭北京烤鸭北京烤鸭北京烤鸭北京烤鸭北京烤鸭北京烤鸭北京烤鸭北京烤鸭北京烤鸭北京烤鸭北京烤鸭北京烤鸭北京烤鸭北京烤鸭北京烤鸭北京烤鸭北京烤鸭',1,0,'2022-05-28 17:38:35','2022-05-28 17:38:35','1499627791467302914','1499627791467302914',0),
('1530484525739999234','山东卤肉饭','1397844263642378242',20000.00,'33','https://ed-bucket.oss-cn-beijing.aliyuncs.com/picture.jpg','山东卤肉饭山东卤肉饭山东卤肉饭山东卤肉饭山东卤肉饭山东卤肉饭山东卤肉饭',1,0,'2022-05-28 17:38:35','2022-05-28 17:38:35','1499627791467302914','1499627791467302914',0),
('1530488126352822273','1234','1397844263642378242',12300.00,'1234','https://ed-bucket.oss-cn-beijing.aliyuncs.com/picture.jpg','123123123123123123123123123123123123123123123123123123123',1,0,'2022-05-28 17:55:36','2022-08-17 18:27:46','1499627791467302914','1499627791467302914',1),
('1530510459255812098','沙西','1530011339403448322',12300.00,'123555561','https://ed-bucket.oss-cn-beijing.aliyuncs.com/picture.jpg',' DishFlavor dishFlavor = new DishFlavor();\n dishFlavor.setDishId(dishId);\n dishFlavor.setName((String) flavor.get(\"name\"));\n dishFlavor.setValue((String) flavor.get(\"value\"));\n dishFlavors.add(dishFla',1,0,'2022-05-28 18:46:11','2022-08-17 18:27:46','1499627791467302914','1499627791467302914',1),
('1530556623028178945','12346','1397844263642378242',12300.00,'12356','https://ed-bucket.oss-cn-beijing.aliyuncs.com/picture.jpg',' Unexpected token u in JSON at position 0\n    at JSON.parse (<anonymous>) Unexpected token u in JSON at position 0\n    at JSON.parse (<anonymous>)',1,0,'2022-05-28 22:28:30','2022-08-17 18:27:46','1499627791467302914','1499627791467302914',1),
('1530572083287216130','5523','1397844263642378242',235200.00,'1131','https://ed-bucket.oss-cn-beijing.aliyuncs.com/picture.jpg','124124124124',1,0,'2022-05-28 23:29:56','2022-06-29 12:36:27','1499627791467302914','1499627791467302914',1),
('1530791517127778306','java','1397844263642378242',1200.00,'512','https://ed-bucket.oss-cn-beijing.aliyuncs.com/picture.jpg','java.util.ArrayList and java.lang.String are in module java.base of loader \'bootstrap\'',1,0,'2022-05-29 14:01:53','2022-06-29 12:36:27','1499627791467302914','1499627791467302914',1),
('1542013157012553729','冬天s1','1397844263642378242',12300.00,'123','https://ed-bucket.oss-cn-beijing.aliyuncs.com/1.jpg','菜品图片',1,0,'2022-06-29 13:12:41','2022-06-29 13:12:52','1499627791467302914','1499627791467302914',1),
('1559943104806887425','新菜式','1559942205493583874',111100.00,'1','https://ed-bucket.oss-cn-beijing.aliyuncs.com/1.jpg','四季都可以品尝',1,0,'2022-08-18 00:39:53','2022-08-18 00:39:53','1499627791467302914','1499627791467302914',0);

/*Table structure for table `dish_flavor` */

DROP TABLE IF EXISTS `dish_flavor`;

CREATE TABLE `dish_flavor` (
  `id` varchar(20) CHARACTER SET utf8 COLLATE utf8_bin NOT NULL COMMENT '主键',
  `dish_id` varchar(20) CHARACTER SET utf8 COLLATE utf8_bin NOT NULL COMMENT '菜品',
  `name` varchar(64) CHARACTER SET utf8 COLLATE utf8_bin NOT NULL COMMENT '口味名称',
  `value` varchar(500) CHARACTER SET utf8 COLLATE utf8_bin DEFAULT NULL COMMENT '口味数据list',
  `create_time` datetime NOT NULL COMMENT '创建时间',
  `update_time` datetime NOT NULL COMMENT '更新时间',
  `create_user` varchar(20) CHARACTER SET utf8 COLLATE utf8_bin NOT NULL COMMENT '创建人',
  `update_user` varchar(20) CHARACTER SET utf8 COLLATE utf8_bin NOT NULL COMMENT '修改人',
  `is_deleted` int NOT NULL DEFAULT '0' COMMENT '是否删除',
  PRIMARY KEY (`id`) USING BTREE
) ENGINE=InnoDB DEFAULT CHARSET=utf8 COLLATE=utf8_bin COMMENT='菜品口味关系表';

/*Data for the table `dish_flavor` */

insert  into `dish_flavor`(`id`,`dish_id`,`name`,`value`,`create_time`,`update_time`,`create_user`,`update_user`,`is_deleted`) values 
('1397849417888346113','1397849417854791681','辣度','[\"不辣\",\"微辣\",\"中辣\",\"重辣\"','2021-05-27 09:37:27','2021-05-27 09:37:27','1','1',0),
('1397849739297861633','1397849739276890114','忌口','[\"不要葱\",\"不要蒜\",\"不要香菜\",\"不要辣\"]','2021-05-27 09:38:43','2021-05-27 09:38:43','1','1',0),
('1397849739323027458','1397849739276890114','辣度','[\"不辣\",\"微辣\",\"中辣\",\"重辣\"]','2021-05-27 09:38:43','2021-05-27 09:38:43','1','1',0),
('1397849936421761025','1397849936404983809','忌口','[\"不要葱\",\"不要蒜\",\"不要香菜\",\"不要辣\"]','2021-05-27 09:39:30','2021-05-27 09:39:30','1','1',0),
('1397849936438538241','1397849936404983809','辣度','[\"不辣\",\"微辣\",\"中辣\",\"重辣\"]','2021-05-27 09:39:30','2021-05-27 09:39:30','1','1',0),
('1397850141015715841','1397850140982161409','忌口','[\"不要葱\",\"不要蒜\",\"不要香菜\",\"不要辣\"]','2021-05-27 09:40:19','2021-05-27 09:40:19','1','1',0),
('1397850141040881665','1397850140982161409','辣度','[\"不辣\",\"微辣\",\"中辣\",\"重辣\"]','2021-05-27 09:40:19','2021-05-27 09:40:19','1','1',0),
('1397850392120307713','1397850392090947585','辣度','[\"不辣\",\"微辣\",\"中辣\",\"重辣\"]','2021-05-27 09:41:19','2021-05-27 09:41:19','1','1',0),
('1397850392137084929','1397850392090947585','辣度','[\"不辣\",\"微辣\",\"中辣\",\"重辣\"]','2021-05-27 09:41:19','2021-05-27 09:41:19','1','1',0),
('1397850630734262274','1397850630700707841','忌口','[\"不要葱\",\"不要蒜\",\"不要香菜\",\"不要辣\"]','2021-05-27 09:42:16','2021-05-27 09:42:16','1','1',0),
('1397850630755233794','1397850630700707841','辣度','[\"微辣\",\"中辣\",\"重辣\"]','2021-05-27 09:42:16','2021-05-27 09:42:16','1','1',0),
('1397850851274960898','1397850851245600769','忌口','[\"不要蒜\",\"不要香菜\",\"不要辣\"]','2021-05-27 09:43:08','2021-05-27 09:43:08','1','1',0),
('1397850851283349505','1397850851245600769','辣度','[\"不辣\",\"微辣\",\"中辣\",\"重辣\"]','2021-05-27 09:43:08','2021-05-27 09:43:08','1','1',0),
('1397851099523231745','1397851099502260226','忌口','[\"不要葱\",\"不要蒜\",\"不要香菜\",\"不要辣\"]','2021-05-27 09:44:08','2021-05-27 09:44:08','1','1',0),
('1397851099527426050','1397851099502260226','辣度','[\"不辣\",\"微辣\",\"中辣\"]','2021-05-27 09:44:08','2021-05-27 09:44:08','1','1',0),
('1397851370483658754','1397851370462687234','温度','[\"热饮\",\"常温\",\"去冰\",\"少冰\",\"多冰\"]','2021-05-27 09:45:12','2021-05-27 09:45:12','1','1',0),
('1397851370483658755','1397851370462687234','忌口','[\"不要葱\",\"不要蒜\",\"不要香菜\",\"不要辣\"]','2021-05-27 09:45:12','2021-05-27 09:45:12','1','1',0),
('1397851370483658756','1397851370462687234','辣度','[\"不辣\",\"微辣\",\"中辣\",\"重辣\"]','2021-05-27 09:45:12','2021-05-27 09:45:12','1','1',0),
('1397851668283437058','1397851668262465537','温度','[\"热饮\",\"常温\",\"去冰\",\"少冰\",\"多冰\"]','2021-05-27 09:46:23','2021-05-27 09:46:23','1','1',0),
('1397852391180120065','1397852391150759938','忌口','[\"不要葱\",\"不要香菜\",\"不要辣\"]','2021-05-27 09:49:16','2021-05-27 09:49:16','1','1',1),
('1397852391196897281','1397852391150759938','辣度','[\"不辣\",\"微辣\",\"重辣\"]','2021-05-27 09:49:16','2021-05-27 09:49:16','1','1',1),
('1397853183307984898','1397853183287013378','辣度','[\"不辣\",\"微辣\",\"中辣\",\"重辣\"]','2021-05-27 09:52:24','2021-05-27 09:52:24','1','1',0),
('1397853423486414850','1397853423461249026','辣度','[\"不辣\",\"微辣\",\"中辣\",\"重辣\"]','2021-05-27 09:53:22','2021-05-27 09:53:22','1','1',0),
('1397853709126905857','1397853709101740034','忌口','[\"不要葱\",\"不要蒜\",\"不要香菜\",\"不要辣\"]','2021-05-27 09:54:30','2021-05-27 09:54:30','1','1',1),
('1397853890283089922','1397853890262118402','辣度','[\"不辣\",\"微辣\",\"中辣\",\"重辣\"]','2021-05-27 09:55:13','2021-05-27 09:55:13','1','1',0),
('1397854133632413697','1397854133603053569','温度','[\"热饮\",\"常温\",\"去冰\",\"少冰\",\"多冰\"]','2021-05-27 09:56:11','2021-05-27 09:56:11','1','1',0),
('1397854652623007745','1397854652581064706','忌口','[\"不要葱\",\"不要蒜\",\"不要香菜\",\"不要辣\"]','2021-05-27 09:58:15','2021-05-27 09:58:15','1','1',0),
('1397854652635590658','1397854652581064706','辣度','[\"不辣\",\"微辣\",\"中辣\",\"重辣\"]','2021-05-27 09:58:15','2021-05-27 09:58:15','1','1',0),
('1397854865735593986','1397854865672679425','辣度','[\"不辣\",\"微辣\",\"中辣\",\"重辣\"]','2021-05-27 09:59:06','2021-05-27 09:59:06','1','1',0),
('1397855742303186946','1397855742273826817','辣度','[\"不辣\",\"微辣\",\"中辣\",\"重辣\"]','2021-05-27 10:02:35','2021-05-27 10:02:35','1','1',0),
('1397855906497605633','1397855906468245506','忌口','[\"不要葱\",\"不要蒜\",\"不要香菜\",\"不要辣\"]','2021-05-27 10:03:14','2021-05-27 10:03:14','1','1',0),
('1397856190573621250','1397856190540066818','辣度','[\"不辣\",\"微辣\",\"中辣\",\"重辣\"]','2021-05-27 10:04:21','2021-05-27 10:04:21','1','1',0),
('1397859056709316609','1397859056684150785','辣度','[\"不辣\",\"微辣\",\"中辣\",\"重辣\"]','2021-05-27 10:15:45','2021-05-27 10:15:45','1','1',0),
('1397859277837217794','1397859277812051969','辣度','[\"不辣\",\"微辣\",\"中辣\",\"重辣\"]','2021-05-27 10:16:37','2021-05-27 10:16:37','1','1',0),
('1397859487502086146','1397859487476920321','辣度','[\"不辣\",\"微辣\",\"中辣\",\"重辣\"]','2021-05-27 10:17:27','2021-05-27 10:17:27','1','1',0),
('1397859757061615618','1397859757036449794','甜味','[\"无糖\",\"少糖\",\"半躺\",\"多糖\",\"全糖\"]','2021-05-27 10:18:32','2021-05-27 10:18:32','1','1',0),
('1397860242086735874','1397860242057375745','辣度','[\"不辣\",\"微辣\",\"中辣\",\"重辣\"]','2021-05-27 10:20:27','2021-05-27 10:20:27','1','1',1),
('1397860963918065665','1397860963880316929','辣度','[\"不辣\",\"微辣\",\"中辣\",\"重辣\"]','2021-05-27 10:23:19','2021-05-27 10:23:19','1','1',0),
('1397861135754506242','1397861135733534722','甜味','[\"无糖\",\"少糖\",\"半躺\",\"多糖\",\"全糖\"]','2021-05-27 10:24:00','2021-05-27 10:24:00','1','1',0),
('1397861370035744769','1397861370010578945','辣度','[\"不辣\",\"微辣\",\"中辣\",\"重辣\"]','2021-05-27 10:24:56','2021-05-27 10:24:56','1','1',0),
('1397861683459305474','1397861683434139649','忌口','[\"不要葱\",\"不要蒜\",\"不要香菜\",\"不要辣\"]','2021-05-27 10:26:11','2021-05-27 10:26:11','1','1',0),
('1397861898467717121','1397861898438356993','忌口','[\"不要葱\",\"不要蒜\",\"不要香菜\",\"不要辣\"]','2021-05-27 10:27:02','2021-05-27 10:27:02','1','1',0),
('1397862198054268929','1397862198033297410','忌口','[\"不要葱\",\"不要蒜\",\"不要香菜\",\"不要辣\"]','2021-05-27 10:28:14','2022-04-25 15:18:11','1','1',0),
('1397862477835317250','1397862477831122945','辣度','[\"不辣\",\"微辣\",\"中辣\"]','2021-05-27 10:29:20','2022-04-25 20:36:01','1','1',0),
('1398089545865015297','1398089545676271617','温度','[\"热饮\",\"常温\",\"去冰\",\"少冰\",\"多冰\"]','2021-05-28 01:31:38','2021-05-28 01:31:38','1','1',0),
('1398089782323097601','1398089782285348866','辣度','[\"不辣\",\"微辣\",\"中辣\",\"重辣\"]','2021-05-28 01:32:34','2021-05-28 01:32:34','1','1',0),
('1398090003262255106','1398090003228700673','忌口','[\"不要葱\",\"不要蒜\",\"不要香菜\",\"不要辣\"]','2021-05-28 01:33:27','2021-05-28 01:33:27','1','1',0),
('1398090264554811394','1398090264517062657','忌口','[\"不要葱\",\"不要蒜\",\"不要香菜\",\"不要辣\"]','2021-05-28 01:34:29','2021-05-28 01:34:29','1','1',0),
('1398090455399837698','1398090455324340225','辣度','[\"不辣\",\"微辣\",\"中辣\",\"重辣\"]','2021-05-28 01:35:14','2021-05-28 01:35:14','1','1',0),
('1398090685449023490','1398090685419663362','温度','[\"热饮\",\"常温\",\"去冰\",\"少冰\",\"多冰\"]','2021-05-28 01:36:09','2021-05-28 01:36:09','1','1',0),
('1398090825358422017','1398090825329061889','忌口','[\"不要葱\",\"不要蒜\",\"不要香菜\",\"不要辣\"]','2021-05-28 01:36:43','2021-05-28 01:36:43','1','1',0),
('1398091007051476993','1398091007017922561','辣度','[\"不辣\",\"微辣\",\"中辣\",\"重辣\"]','2021-05-28 01:37:26','2021-05-28 01:37:26','1','1',0),
('1398091296164851713','1398091296131297281','辣度','[\"不辣\",\"微辣\",\"中辣\",\"重辣\"]','2021-05-28 01:38:35','2021-05-28 01:38:35','1','1',0),
('1398091546531246081','1398091546480914433','忌口','[\"不要葱\",\"不要蒜\",\"不要香菜\",\"不要辣\"]','2021-05-28 01:39:35','2021-05-28 01:39:35','1','1',0),
('1398091729809747969','1398091729788776450','辣度','[\"不辣\",\"微辣\",\"中辣\",\"重辣\"]','2021-05-28 01:40:18','2021-05-28 01:40:18','1','1',0),
('1398091889499484161','1398091889449152513','辣度','[\"不辣\",\"微辣\",\"中辣\",\"重辣\"]','2021-05-28 01:40:56','2021-05-28 01:40:56','1','1',0),
('1398092095179763713','1398092095142014978','辣度','[\"不辣\",\"微辣\",\"中辣\",\"重辣\"]','2021-05-28 01:41:45','2021-05-28 01:41:45','1','1',0),
('1398092283877306370','1398092283847946241','辣度','[\"不辣\",\"微辣\",\"中辣\",\"重辣\"]','2021-05-28 01:42:30','2021-05-28 01:42:30','1','1',0),
('1398094018939236354','1398094018893099009','辣度','[\"不辣\",\"微辣\",\"中辣\",\"重辣\"]','2021-05-28 01:49:24','2021-05-28 01:49:24','1','1',0),
('1398094391494094850','1398094391456346113','辣度','[\"不辣\",\"微辣\",\"中辣\",\"重辣\"]','2021-05-28 01:50:53','2021-05-28 01:50:53','1','1',0),
('1399574026165727233','1399305325713600514','辣度','[\"不辣\",\"微辣\",\"中辣\",\"重辣\"]','2021-06-01 03:50:25','2021-06-01 03:50:25','1399309715396669441','1399309715396669441',0),
('1413389540592263169','1413384757047271425','温度','[\"常温\",\"冷藏\"]','2022-04-25 09:57:38','2022-04-25 15:18:12','1','1',0),
('1413389684020682754','1413342036832100354','温度','[\"常温\",\"冷藏\"]','2021-07-09 15:12:18','2022-04-25 15:17:46','1','1',0),
('1518375945893965826','1518375945768136706','甜味','[\"无糖\",\"少糖\",\"半糖\",\"多糖\",\"全糖\"]','2022-04-25 07:46:50','2022-04-25 07:46:50','1','1',0),
('1518375945898160130','1518375945768136706','温度','[\"热饮\",\"常温\",\"去冰\",\"少冰\",\"多冰\"]','2022-04-25 07:46:50','2022-04-25 07:46:50','1','1',0),
('1518376699895607297','1518376600306053121','甜味','[\"无糖\",\"少糖\",\"半糖\",\"多糖\",\"全糖\"]','2022-04-25 07:49:49','2022-04-25 07:49:49','1','1',0),
('1518376699975299074','1518376600306053121','温度','[\"热饮\",\"常温\",\"去冰\",\"少冰\",\"多冰\"]','2022-04-25 07:49:50','2022-04-25 07:49:50','1','1',0),
('1518377248351068162','1518377248351068161','甜味','[\"无糖\",\"少糖\",\"半糖\",\"多糖\",\"全糖\"]','2022-04-25 07:52:00','2022-04-25 07:52:00','1','1',0),
('1518377248351068163','1518377248351068161','温度','[\"热饮\",\"常温\",\"去冰\",\"少冰\",\"多冰\"]','2022-04-25 07:52:00','2022-04-25 07:52:00','1','1',0),
('1530483688972156930','1530483686698844161','甜味','[\"无糖\",\"少糖\",\"半糖\",\"多糖\",\"全糖\"]','2022-05-28 17:38:35','2022-05-28 17:38:35','1499627791467302914','1499627791467302914',0),
('1530483838884970498','1530483838687838210','甜味','[\"无糖\",\"少糖\",\"半糖\",\"多糖\",\"全糖\"]','2022-05-28 17:38:35','2022-05-28 17:38:35','1499627791467302914','1499627791467302914',0),
('1530484525932937218','1530484525739999234','甜味','[\"无糖\",\"少糖\",\"半糖\",\"多糖\",\"全糖\"]','2022-05-28 17:38:35','2022-05-28 17:38:35','1499627791467302914','1499627791467302914',0),
('1530484525932937219','1530484525739999234','温度','[\"热饮\",\"常温\",\"去冰\",\"少冰\",\"多冰\"]','2022-05-28 17:38:35','2022-05-28 17:38:35','1499627791467302914','1499627791467302914',0),
('1530484525932937220','1530484525739999234','忌口','[\"不要葱\",\"不要蒜\",\"不要香菜\",\"不要辣\"]','2022-05-28 17:38:35','2022-05-28 17:38:35','1499627791467302914','1499627791467302914',0),
('1530484525932937221','1530484525739999234','辣度','[\"不辣\",\"微辣\",\"中辣\",\"重辣\"]','2022-05-28 17:38:35','2022-05-28 17:38:35','1499627791467302914','1499627791467302914',0),
('1530488126549954561','1530488126352822273','甜味','[\"无糖\",\"少糖\",\"半糖\",\"多糖\",\"全糖\"]','2022-05-28 17:55:36','2022-05-28 17:55:36','1499627791467302914','1499627791467302914',1),
('1530488126549954562','1530488126352822273','温度','[\"热饮\",\"常温\",\"去冰\",\"少冰\",\"多冰\"]','2022-05-28 17:55:36','2022-05-28 17:55:36','1499627791467302914','1499627791467302914',1),
('1530488126549954563','1530488126352822273','忌口','[\"不要葱\",\"不要蒜\",\"不要香菜\",\"不要辣\"]','2022-05-28 17:55:36','2022-05-28 17:55:36','1499627791467302914','1499627791467302914',1),
('1530488126549954564','1530488126352822273','辣度','[]','2022-05-28 17:55:36','2022-05-28 17:55:36','1499627791467302914','1499627791467302914',1),
('1530488126549954565','1530488126352822273','','[]','2022-05-28 17:55:36','2022-05-28 17:55:36','1499627791467302914','1499627791467302914',1),
('1530537489359859714','1397853709101740034','甜味','[\"无糖\",\"少糖\",\"半糖\",\"多糖\",\"全糖\"]','2022-05-28 18:46:11','2022-05-28 18:46:11','1499627791467302914','1499627791467302914',1),
('1530537489426968577','1397853709101740034','温度','[\"热饮\",\"常温\",\"去冰\"]','2022-05-28 18:46:11','2022-05-28 18:46:11','1499627791467302914','1499627791467302914',1),
('1530541320890163202','1530510459255812098','甜味','[\"无糖\",\"少糖\",\"半糖\",\"多糖\",\"全糖\"]','2022-05-28 21:27:42','2022-05-28 21:27:42','1499627791467302914','1499627791467302914',0),
('1530541908310839297','1530510459255812098','甜味','[\"无糖\",\"少糖\",\"半糖\",\"多糖\",\"全糖\"]','2022-05-28 21:30:02','2022-05-28 21:33:54','1499627791467302914','1499627791467302914',0),
('1530541908310839298','1530510459255812098','温度','[\"热饮\",\"常温\",\"去冰\",\"少冰\",\"多冰\"]','2022-05-28 21:30:02','2022-05-28 21:33:54','1499627791467302914','1499627791467302914',0),
('1530542880898633730','1530510459255812098','甜味','[\"无糖\",\"少糖\",\"半糖\",\"多糖\",\"全糖\"]','2022-05-28 21:33:54','2022-05-28 21:33:54','1499627791467302914','1499627791467302914',0),
('1530543481392943105','1530510459255812098','甜味','[\"无糖\",\"少糖\",\"半糖\",\"多糖\",\"全糖\"]','2022-05-28 21:36:17','2022-05-28 21:36:17','1499627791467302914','1499627791467302914',0),
('1530543481392943106','1530510459255812098','温度','[\"热饮\",\"常温\",\"去冰\",\"少冰\",\"多冰\"]','2022-05-28 21:36:17','2022-05-28 21:36:17','1499627791467302914','1499627791467302914',0),
('1530572083438211076','1530572083287216130','忌口','[\"不要葱\",\"不要蒜\",\"不要香菜\",\"不要辣\"]','2022-05-28 23:29:56','2022-05-28 23:29:56','1499627791467302914','1499627791467302914',1),
('1530791517916307457','1530791517127778306','甜味','[\"无糖\",\"少糖\",\"半糖\",\"多糖\",\"全糖\"]','2022-05-29 14:01:53','2022-05-29 14:01:53','1499627791467302914','1499627791467302914',1),
('1530791517979222017','1530791517127778306','温度','[\"热饮\",\"常温\",\"去冰\",\"少冰\",\"多冰\"]','2022-05-29 14:01:53','2022-05-29 14:01:53','1499627791467302914','1499627791467302914',1),
('1530791517979222018','1530791517127778306','忌口','[\"不要葱\",\"不要蒜\",\"不要香菜\",\"不要辣\"]','2022-05-29 14:01:53','2022-05-29 14:01:53','1499627791467302914','1499627791467302914',1),
('1530791517979222019','1530791517127778306','辣度','[\"不辣\",\"微辣\",\"中辣\",\"重辣\"]','2022-05-29 14:01:53','2022-05-29 14:01:53','1499627791467302914','1499627791467302914',1),
('1530902238153023489','1530791517127778306','甜味','[\"无糖\",\"少糖\",\"半糖\",\"多糖\",\"全糖\"]','2022-05-29 21:21:51','2022-05-29 21:21:51','1499627791467302914','1499627791467302914',0),
('1530902238153023490','1530791517127778306','温度','[\"热饮\",\"常温\",\"去冰\",\"少冰\",\"多冰\"]','2022-05-29 21:21:51','2022-05-29 21:21:51','1499627791467302914','1499627791467302914',0),
('1530902238153023491','1530791517127778306','忌口','[\"不要葱\",\"不要蒜\",\"不要香菜\",\"不要辣\"]','2022-05-29 21:21:51','2022-05-29 21:21:51','1499627791467302914','1499627791467302914',0),
('1530902238153023492','1530791517127778306','辣度','[\"不辣\",\"微辣\",\"中辣\",\"重辣\"]','2022-05-29 21:21:51','2022-05-29 21:21:51','1499627791467302914','1499627791467302914',0),
('1530902310366355457','1530572083287216130','甜味','[\"无糖\",\"少糖\",\"半糖\",\"多糖\",\"全糖\"]','2022-05-29 21:22:08','2022-05-29 21:22:08','1499627791467302914','1499627791467302914',1),
('1530902310366355458','1530572083287216130','温度','[\"热饮\",\"常温\",\"去冰\",\"少冰\",\"多冰\"]','2022-05-29 21:22:08','2022-05-29 21:22:08','1499627791467302914','1499627791467302914',1),
('1530902310433464322','1530572083287216130','忌口','[\"不要葱\",\"不要蒜\",\"不要香菜\",\"不要辣\"]','2022-05-29 21:22:08','2022-05-29 21:22:08','1499627791467302914','1499627791467302914',1),
('1530902310433464323','1530572083287216130','辣度','[\"不辣\",\"微辣\",\"中辣\",\"重辣\"]','2022-05-29 21:22:08','2022-05-29 21:22:08','1499627791467302914','1499627791467302914',1),
('1533367330182418434','1397860242057375745','甜味','[\"无糖\",\"少糖\",\"半糖\",\"多糖\",\"全糖\"]','2022-06-05 16:37:15','2022-06-05 16:37:15','1499627791467302914','1499627791467302914',0),
('1533367330195001345','1397860242057375745','辣度','[\"不辣\",\"微辣\",\"中辣\",\"重辣\"]','2022-06-05 16:37:15','2022-06-05 16:37:15','1499627791467302914','1499627791467302914',0),
('1542013157310349314','1542013157012553729','甜味','[\"无糖\",\"少糖\",\"半糖\",\"多糖\",\"全糖\"]','2022-06-29 13:12:41','2022-06-29 13:12:41','1499627791467302914','1499627791467302914',1),
('1542013157335515138','1542013157012553729','温度','[\"热饮\",\"常温\",\"去冰\",\"少冰\",\"多冰\"]','2022-06-29 13:12:41','2022-06-29 13:12:41','1499627791467302914','1499627791467302914',1),
('1559943105578639361','1559943104806887425','忌口','[\"不要葱\",\"不要蒜\",\"不要香菜\",\"不要辣\"]','2022-08-18 00:39:53','2022-08-18 00:39:53','1499627791467302914','1499627791467302914',0),
('1559943105599610882','1559943104806887425','甜味','[\"无糖\",\"少糖\",\"半糖\",\"多糖\",\"全糖\"]','2022-08-18 00:39:53','2022-08-18 00:39:53','1499627791467302914','1499627791467302914',0),
('1559943105607999490','1559943104806887425','辣度','[\"不辣\",\"微辣\",\"中辣\",\"重辣\"]','2022-08-18 00:39:53','2022-08-18 00:39:53','1499627791467302914','1499627791467302914',0);

/*Table structure for table `employee` */

DROP TABLE IF EXISTS `employee`;

CREATE TABLE `employee` (
  `id` varchar(20) CHARACTER SET utf8 COLLATE utf8_bin NOT NULL DEFAULT '' COMMENT '主键',
  `name` varchar(32) CHARACTER SET utf8 COLLATE utf8_bin NOT NULL COMMENT '姓名',
  `username` varchar(32) CHARACTER SET utf8 COLLATE utf8_bin NOT NULL COMMENT '用户名',
  `password` varchar(64) CHARACTER SET utf8 COLLATE utf8_bin NOT NULL COMMENT '密码',
  `phone` varchar(11) CHARACTER SET utf8 COLLATE utf8_bin NOT NULL COMMENT '手机号',
  `sex` varchar(2) CHARACTER SET utf8 COLLATE utf8_bin NOT NULL COMMENT '性别',
  `id_number` varchar(18) CHARACTER SET utf8 COLLATE utf8_bin NOT NULL COMMENT '身份证号',
  `status` int NOT NULL DEFAULT '1' COMMENT '状态 0:禁用，1:正常',
  `create_time` datetime NOT NULL COMMENT '创建时间',
  `update_time` datetime NOT NULL COMMENT '更新时间',
  `create_user` varchar(32) CHARACTER SET utf8mb4 COLLATE utf8mb4_bin NOT NULL COMMENT '创建人',
  `update_user` varchar(32) CHARACTER SET utf8mb4 COLLATE utf8mb4_bin NOT NULL COMMENT '修改人',
  PRIMARY KEY (`id`) USING BTREE,
  UNIQUE KEY `idx_username` (`username`)
) ENGINE=InnoDB DEFAULT CHARSET=utf8mb4 COLLATE=utf8mb4_bin COMMENT='员工信息';

/*Data for the table `employee` */

insert  into `employee`(`id`,`name`,`username`,`password`,`phone`,`sex`,`id_number`,`status`,`create_time`,`update_time`,`create_user`,`update_user`) values 
('1499627791467302914','管理员','admin','$2a$10$CcuWrJidG0jnXsX14BDfje6GXT4LkB7Q0x06cmt6VOT8x2Wkg8nOK','13812312312','0','441303200112306317',1,'2021-05-06 17:20:07','2022-06-29 12:35:04','1','1499627791467302914'),
('1529375430347665410','张三','12345678','$2a$10$CcuWrJidG0jnXsX14BDfje6GXT4LkB7Q0x06cmt6VOT8x2Wkg8nOK','13018448340','0','441303200112306317',1,'2022-05-25 16:13:16','2022-05-26 16:12:53','1499627791467302914','1499627791467302914'),
('1529708673756418050','admin','adminplus','$2a$10$CcuWrJidG0jnXsX14BDfje6GXT4LkB7Q0x06cmt6VOT8x2Wkg8nOK','13018448321','1','441303200112306317',1,'2022-05-26 14:17:35','2022-06-05 15:57:23','1499627791467302914','1499627791467302914'),
('1532913244280455169','minminim','minminim','$2a$10$CcuWrJidG0jnXsX14BDfje6GXT4LkB7Q0x06cmt6VOT8x2Wkg8nOK','13018448342','1','441303200112306317',1,'2022-06-04 10:32:52','2022-08-17 18:02:33','1499627791467302914','1499627791467302914'),
('1559848948914716673','min','1738875124','$2a$10$HrBe3P3ZqCmG1GxZpMv/0elUtHablGBmJ0Bg3G7AAsbueKExwIOaa','13018448349','1','441303200112306317',1,'2022-08-17 18:25:45','2022-08-18 00:35:17','1499627791467302914','1499627791467302914');

/*Table structure for table `order_detail` */

DROP TABLE IF EXISTS `order_detail`;

CREATE TABLE `order_detail` (
  `id` varchar(20) CHARACTER SET utf8 COLLATE utf8_bin NOT NULL COMMENT '主键',
  `name` varchar(50) CHARACTER SET utf8 COLLATE utf8_bin DEFAULT NULL COMMENT '名字',
  `image` varchar(100) CHARACTER SET utf8 COLLATE utf8_bin DEFAULT NULL COMMENT '图片',
  `order_id` varchar(20) CHARACTER SET utf8 COLLATE utf8_bin NOT NULL COMMENT '订单id',
  `dish_id` varchar(20) CHARACTER SET utf8 COLLATE utf8_bin DEFAULT NULL COMMENT '菜品id',
  `setmeal_id` varchar(20) CHARACTER SET utf8 COLLATE utf8_bin DEFAULT NULL COMMENT '套餐id',
  `dish_flavor` varchar(50) CHARACTER SET utf8 COLLATE utf8_bin DEFAULT NULL COMMENT '口味',
  `number` int NOT NULL DEFAULT '1' COMMENT '数量',
  `amount` decimal(10,2) NOT NULL COMMENT '金额',
  PRIMARY KEY (`id`) USING BTREE
) ENGINE=InnoDB DEFAULT CHARSET=utf8 COLLATE=utf8_bin COMMENT='订单明细表';

/*Data for the table `order_detail` */

insert  into `order_detail`(`id`,`name`,`image`,`order_id`,`dish_id`,`setmeal_id`,`dish_flavor`,`number`,`amount`) values 
('1532640348197003266','辣子鸡','\r\nhttps://ed-bucket.oss-cn-beijing.aliyuncs.com/edu/9e7192de147121abf21a3a0143bcb2d2022-02-112.jpg','1532640481055801345','1397849739276890114',NULL,'不要蒜,中辣',2,78.00),
('1532640357114093570','毛氏红烧肉','\r\nhttps://ed-bucket.oss-cn-beijing.aliyuncs.com/edu/9e7192de147121abf21a3a0143bcb2d2022-02-112.jpg','1532640481055801345','1397850140982161409',NULL,'不要香菜,微辣',2,68.00),
('1532640376584052737','霸王别姬','\r\nhttps://ed-bucket.oss-cn-beijing.aliyuncs.com/edu/9e7192de147121abf21a3a0143bcb2d2022-02-112.jpg','1532640481055801345','1397850851245600769',NULL,'不要蒜,不辣',1,128.00),
('1532643300206878721','组庵鱼翅','\r\nhttps://ed-bucket.oss-cn-beijing.aliyuncs.com/edu/9e7192de147121abf21a3a0143bcb2d2022-02-112.jpg','1532643338568007682','1397850392090947585',NULL,'微辣',1,48.00),
('1532643310751358978','辣子鸡','\r\nhttps://ed-bucket.oss-cn-beijing.aliyuncs.com/edu/9e7192de147121abf21a3a0143bcb2d2022-02-112.jpg','1532643338568007682','1397849739276890114',NULL,'不要葱,不辣',1,78.00),
('1532736528058851330','北冰洋','\r\nhttps://ed-bucket.oss-cn-beijing.aliyuncs.com/edu/9e7192de147121abf21a3a0143bcb2d2022-02-112.jpg','1532928285371449345','1413342036832100354',NULL,'冷藏',1,5.00),
('1532928020308242433','麻辣兔头','\r\nhttps://ed-bucket.oss-cn-beijing.aliyuncs.com/edu/9e7192de147121abf21a3a0143bcb2d2022-02-112.jpg','1532928285371449345','1397853183287013378',NULL,'不辣',1,198.00),
('1533697814231863298','辣子鸡','\r\nhttps://ed-bucket.oss-cn-beijing.aliyuncs.com/edu/9e7192de147121abf21a3a0143bcb2d2022-02-112.jpg','1533698990381727746','1397849739276890114',NULL,'不要蒜,微辣',1,78.00),
('1539839448717914113','辣子鸡','\r\nhttps://ed-bucket.oss-cn-beijing.aliyuncs.com/edu/9e7192de147121abf21a3a0143bcb2d2022-02-112.jpg','1539847972248289281','1397849739276890114',NULL,'不要葱,微辣',1,78.00),
('1539848010655490050','辣子鸡','\r\nhttps://ed-bucket.oss-cn-beijing.aliyuncs.com/edu/9e7192de147121abf21a3a0143bcb2d2022-02-112.jpg','1539848033736785922','1397849739276890114',NULL,'不要香菜,中辣',1,78.00),
('1539848022319849473','毛氏红烧肉','\r\nhttps://ed-bucket.oss-cn-beijing.aliyuncs.com/edu/9e7192de147121abf21a3a0143bcb2d2022-02-112.jpg','1539848033736785922','1397850140982161409',NULL,'不要葱,不辣',1,68.00),
('1541409164871811074','毛氏红烧肉','\r\nhttps://ed-bucket.oss-cn-beijing.aliyuncs.com/edu/9e7192de147121abf21a3a0143bcb2d2022-02-112.jpg','1541411785988890626','1397850140982161409',NULL,'不要葱,中辣',1,68.00),
('1541411990956097537','辣子鸡','\r\nhttps://ed-bucket.oss-cn-beijing.aliyuncs.com/edu/9e7192de147121abf21a3a0143bcb2d2022-02-112.jpg','1541412005585870850','1397849739276890114',NULL,'不要蒜,重辣',1,78.00),
('1541412129812725761','组庵鱼翅','\r\nhttps://ed-bucket.oss-cn-beijing.aliyuncs.com/edu/9e7192de147121abf21a3a0143bcb2d2022-02-112.jpg','1541412147303014402','1397850392090947585',NULL,'重辣',1,48.00),
('1541414117673746433','辣子鸡','\r\nhttps://ed-bucket.oss-cn-beijing.aliyuncs.com/edu/9e7192de147121abf21a3a0143bcb2d2022-02-112.jpg','1541414129405255681','1397849739276890114',NULL,'不要蒜,不辣',1,78.00),
('1541633458298150914','辣子鸡','\r\nhttps://ed-bucket.oss-cn-beijing.aliyuncs.com/edu/9e7192de147121abf21a3a0143bcb2d2022-02-112.jpg','1541668916310724609','1397849739276890114',NULL,'不要香菜,微辣',1,78.00),
('1541695071344529410','毛氏红烧肉','\r\nhttps://ed-bucket.oss-cn-beijing.aliyuncs.com/edu/9e7192de147121abf21a3a0143bcb2d2022-02-112.jpg','1541782573468262401','1397850140982161409',NULL,'不要葱,重辣',1,68.00),
('1541726392762634241','组庵鱼翅','\r\nhttps://ed-bucket.oss-cn-beijing.aliyuncs.com/edu/9e7192de147121abf21a3a0143bcb2d2022-02-112.jpg','1541782573468262401','1397850392090947585',NULL,'中辣',1,48.00),
('1541784209972436994','毛氏红烧肉','\r\nhttps://ed-bucket.oss-cn-beijing.aliyuncs.com/edu/9e7192de147121abf21a3a0143bcb2d2022-02-112.jpg','1541784209129381889','1397850140982161409',NULL,'不要葱,重辣',1,68.00),
('1541784209972436995','组庵鱼翅','\r\nhttps://ed-bucket.oss-cn-beijing.aliyuncs.com/edu/9e7192de147121abf21a3a0143bcb2d2022-02-112.jpg','1541784209129381889','1397850392090947585',NULL,'中辣',1,48.00),
('1541784319548628994','毛氏红烧肉','\r\nhttps://ed-bucket.oss-cn-beijing.aliyuncs.com/edu/9e7192de147121abf21a3a0143bcb2d2022-02-112.jpg','1541784319229861890','1397850140982161409',NULL,'不要葱,重辣',1,68.00),
('1541784319548628995','组庵鱼翅','\r\nhttps://ed-bucket.oss-cn-beijing.aliyuncs.com/edu/9e7192de147121abf21a3a0143bcb2d2022-02-112.jpg','1541784319229861890','1397850392090947585',NULL,'中辣',1,48.00),
('1541784609685413889','毛氏红烧肉','\r\nhttps://ed-bucket.oss-cn-beijing.aliyuncs.com/edu/9e7192de147121abf21a3a0143bcb2d2022-02-112.jpg','1541782037050335233','1397850140982161409',NULL,'不要葱,重辣',1,68.00),
('1541784609685413890','组庵鱼翅','\r\nhttps://ed-bucket.oss-cn-beijing.aliyuncs.com/edu/9e7192de147121abf21a3a0143bcb2d2022-02-112.jpg','1541782037050335233','1397850392090947585',NULL,'中辣',1,48.00),
('1541784609752522753','毛氏红烧肉','\r\nhttps://ed-bucket.oss-cn-beijing.aliyuncs.com/edu/9e7192de147121abf21a3a0143bcb2d2022-02-112.jpg','1541783914928316418','1397850140982161409',NULL,'不要葱,重辣',1,68.00),
('1541784609752522754','组庵鱼翅','\r\nhttps://ed-bucket.oss-cn-beijing.aliyuncs.com/edu/9e7192de147121abf21a3a0143bcb2d2022-02-112.jpg','1541783914928316418','1397850392090947585',NULL,'中辣',1,48.00),
('1541794424633589761','毛氏红烧肉','\r\nhttps://ed-bucket.oss-cn-beijing.aliyuncs.com/edu/9e7192de147121abf21a3a0143bcb2d2022-02-112.jpg','1541794416832184322','1397850140982161409',NULL,'不要葱,重辣',1,68.00),
('1541794424633589762','组庵鱼翅','\r\nhttps://ed-bucket.oss-cn-beijing.aliyuncs.com/edu/9e7192de147121abf21a3a0143bcb2d2022-02-112.jpg','1541794416832184322','1397850392090947585',NULL,'中辣',1,48.00),
('1541796198752862210','毛氏红烧肉','\r\nhttps://ed-bucket.oss-cn-beijing.aliyuncs.com/edu/9e7192de147121abf21a3a0143bcb2d2022-02-112.jpg','1541796193233158145','1397850140982161409',NULL,'不要葱,重辣',1,68.00),
('1541796198752862211','组庵鱼翅','\r\nhttps://ed-bucket.oss-cn-beijing.aliyuncs.com/edu/9e7192de147121abf21a3a0143bcb2d2022-02-112.jpg','1541796193233158145','1397850392090947585',NULL,'中辣',1,48.00),
('1541796940226117634','毛氏红烧肉','\r\nhttps://ed-bucket.oss-cn-beijing.aliyuncs.com/edu/9e7192de147121abf21a3a0143bcb2d2022-02-112.jpg','1541796939643109377','1397850140982161409',NULL,'不要葱,重辣',1,68.00),
('1541796940226117635','组庵鱼翅','\r\nhttps://ed-bucket.oss-cn-beijing.aliyuncs.com/edu/9e7192de147121abf21a3a0143bcb2d2022-02-112.jpg','1541796939643109377','1397850392090947585',NULL,'中辣',1,48.00),
('1541797304295899138','毛氏红烧肉','\r\nhttps://ed-bucket.oss-cn-beijing.aliyuncs.com/edu/9e7192de147121abf21a3a0143bcb2d2022-02-112.jpg','1541797303901634561','1397850140982161409',NULL,'不要葱,重辣',1,68.00),
('1541797304295899139','组庵鱼翅','\r\nhttps://ed-bucket.oss-cn-beijing.aliyuncs.com/edu/9e7192de147121abf21a3a0143bcb2d2022-02-112.jpg','1541797303901634561','1397850392090947585',NULL,'中辣',1,48.00),
('1541799537435623425','毛氏红烧肉','\r\nhttps://ed-bucket.oss-cn-beijing.aliyuncs.com/edu/9e7192de147121abf21a3a0143bcb2d2022-02-112.jpg','1541799536819060737','1397850140982161409',NULL,'不要葱,重辣',1,68.00),
('1541799537435623426','组庵鱼翅','\r\nhttps://ed-bucket.oss-cn-beijing.aliyuncs.com/edu/9e7192de147121abf21a3a0143bcb2d2022-02-112.jpg','1541799536819060737','1397850392090947585',NULL,'中辣',1,48.00),
('1541805921174683649','毛氏红烧肉','\r\nhttps://ed-bucket.oss-cn-beijing.aliyuncs.com/edu/9e7192de147121abf21a3a0143bcb2d2022-02-112.jpg','1541805916841967618','1397850140982161409',NULL,'不要葱,重辣',1,68.00),
('1541805921174683650','组庵鱼翅','\r\nhttps://ed-bucket.oss-cn-beijing.aliyuncs.com/edu/9e7192de147121abf21a3a0143bcb2d2022-02-112.jpg','1541805916841967618','1397850392090947585',NULL,'中辣',1,48.00),
('1541981928385048577','辣子鸡','\r\nhttps://ed-bucket.oss-cn-beijing.aliyuncs.com/edu/9e7192de147121abf21a3a0143bcb2d2022-02-112.jpg','1541981922164895746','1397849739276890114',NULL,'不要香菜,微辣',1,78.00),
('1541981928385048578','组庵鱼翅','\r\nhttps://ed-bucket.oss-cn-beijing.aliyuncs.com/edu/9e7192de147121abf21a3a0143bcb2d2022-02-112.jpg','1541981922164895746','1397850392090947585',NULL,'中辣',1,48.00),
('1541981928385048579','毛氏红烧肉','\r\nhttps://ed-bucket.oss-cn-beijing.aliyuncs.com/edu/9e7192de147121abf21a3a0143bcb2d2022-02-112.jpg','1541981922164895746','1397850140982161409',NULL,'不要香菜,中辣',1,68.00),
('1541982496939732994','辣子鸡','\r\nhttps://ed-bucket.oss-cn-beijing.aliyuncs.com/edu/9e7192de147121abf21a3a0143bcb2d2022-02-112.jpg','1541982496415444993','1397849739276890114',NULL,'不要香菜,微辣',1,78.00),
('1541982496939732995','组庵鱼翅','\r\nhttps://ed-bucket.oss-cn-beijing.aliyuncs.com/edu/9e7192de147121abf21a3a0143bcb2d2022-02-112.jpg','1541982496415444993','1397850392090947585',NULL,'中辣',1,48.00),
('1541982496939732996','毛氏红烧肉','\r\nhttps://ed-bucket.oss-cn-beijing.aliyuncs.com/edu/9e7192de147121abf21a3a0143bcb2d2022-02-112.jpg','1541982496415444993','1397850140982161409',NULL,'不要香菜,中辣',1,68.00),
('1541982496939732997','组庵鱼翅','\r\nhttps://ed-bucket.oss-cn-beijing.aliyuncs.com/edu/9e7192de147121abf21a3a0143bcb2d2022-02-112.jpg','1541982496415444993','1397850392090947585',NULL,'重辣',1,48.00),
('1541983540805529602','辣子鸡','\r\nhttps://ed-bucket.oss-cn-beijing.aliyuncs.com/edu/9e7192de147121abf21a3a0143bcb2d2022-02-112.jpg','1541983540096692226','1397849739276890114',NULL,'不要香菜,中辣',1,78.00),
('1542014249335156738','蒜泥白肉','https://ed-bucket.oss-cn-beijing.aliyuncs.com/picture.jpg','1542014245077938177','1397853709101740034',NULL,'不要葱,多糖,常温',1,98.00),
('1547532131361992706','毛氏红烧肉','\r\nhttps://ed-bucket.oss-cn-beijing.aliyuncs.com/edu/9e7192de147121abf21a3a0143bcb2d2022-02-112.jpg','1547532129067708417','1397850140982161409',NULL,'不要蒜,不辣',1,68.00),
('1547532131361992707','组庵鱼翅','\r\nhttps://ed-bucket.oss-cn-beijing.aliyuncs.com/edu/9e7192de147121abf21a3a0143bcb2d2022-02-112.jpg','1547532129067708417','1397850392090947585',NULL,'中辣',1,48.00),
('1548528943174533121','清蒸河鲜海鲜','\r\nhttps://ed-bucket.oss-cn-beijing.aliyuncs.com/edu/9e7192de147121abf21a3a0143bcb2d2022-02-112.jpg','1548528859301036033','1397861683434139649',NULL,'不要蒜',1,388.00),
('1559847409978564609','辣子鸡','\r\nhttps://ed-bucket.oss-cn-beijing.aliyuncs.com/edu/9e7192de147121abf21a3a0143bcb2d2022-02-112.jpg','1559847408011436034','1397849739276890114',NULL,'不要香菜,微辣',1,78.00),
('1559847409978564610','毛氏红烧肉','\r\nhttps://ed-bucket.oss-cn-beijing.aliyuncs.com/edu/9e7192de147121abf21a3a0143bcb2d2022-02-112.jpg','1559847408011436034','1397850140982161409',NULL,'不要蒜,重辣',1,68.00),
('1559941464527855618','北冰洋','\r\nhttps://ed-bucket.oss-cn-beijing.aliyuncs.com/edu/9e7192de147121abf21a3a0143bcb2d2022-02-112.jpg','1559941461570871297','1413342036832100354',NULL,'冷藏',1,5.00),
('1559952604943167490','辣子鸡','\r\nhttps://ed-bucket.oss-cn-beijing.aliyuncs.com/edu/9e7192de147121abf21a3a0143bcb2d2022-02-112.jpg','1559952602120400898','1397849739276890114',NULL,'不要蒜,不辣',1,78.00),
('1559952604943167491','霸王别姬','\r\nhttps://ed-bucket.oss-cn-beijing.aliyuncs.com/edu/9e7192de147121abf21a3a0143bcb2d2022-02-112.jpg','1559952602120400898','1397850851245600769',NULL,'不要蒜,中辣',1,128.00),
('1559953969031491586','冬天s1','https://ed-bucket.oss-cn-beijing.aliyuncs.com/1.jpg','1559953968112939009','1542013157012553729',NULL,'无糖,热饮',1,123.00);

/*Table structure for table `orders` */

DROP TABLE IF EXISTS `orders`;

CREATE TABLE `orders` (
  `id` varchar(20) CHARACTER SET utf8 COLLATE utf8_bin NOT NULL COMMENT '主键',
  `number` varchar(50) CHARACTER SET utf8 COLLATE utf8_bin DEFAULT NULL COMMENT '订单号',
  `status` int NOT NULL DEFAULT '1' COMMENT '订单状态 1待付款，2待派送，3已派送，4已完成，5已取消',
  `user_id` varchar(20) CHARACTER SET utf8 COLLATE utf8_bin NOT NULL COMMENT '下单用户',
  `address_book_id` varchar(20) CHARACTER SET utf8 COLLATE utf8_bin NOT NULL COMMENT '地址id',
  `order_time` datetime NOT NULL COMMENT '下单时间',
  `checkout_time` datetime DEFAULT NULL COMMENT '结账时间',
  `pay_method` int NOT NULL DEFAULT '1' COMMENT '支付方式 1微信,2支付宝',
  `amount` decimal(10,2) NOT NULL COMMENT '实收金额',
  `remark` varchar(100) CHARACTER SET utf8 COLLATE utf8_bin DEFAULT NULL COMMENT '备注',
  `phone` varchar(255) CHARACTER SET utf8 COLLATE utf8_bin DEFAULT NULL,
  `address` varchar(255) CHARACTER SET utf8 COLLATE utf8_bin DEFAULT NULL,
  `user_name` varchar(255) CHARACTER SET utf8 COLLATE utf8_bin DEFAULT NULL,
  `consignee` varchar(255) CHARACTER SET utf8 COLLATE utf8_bin DEFAULT NULL,
  PRIMARY KEY (`id`) USING BTREE
) ENGINE=InnoDB DEFAULT CHARSET=utf8 COLLATE=utf8_bin COMMENT='订单表';

/*Data for the table `orders` */

insert  into `orders`(`id`,`number`,`status`,`user_id`,`address_book_id`,`order_time`,`checkout_time`,`pay_method`,`amount`,`remark`,`phone`,`address`,`user_name`,`consignee`) values 
('1532640481324236801','1532640481055801345',1,'1531166252296732673','1532292054505742337','2022-06-03 16:29:00',NULL,1,420.00,'加多点饭和菜','13018448344','广东某某地','神武天尊','神武天尊'),
('1532643339264262146','1532643338568007682',1,'1531166252296732673','1531501659200765954','2022-06-03 16:40:22',NULL,1,126.00,'','13018448344','1840','nipengjie','nipengjie'),
('1532928287665733634','1532928285371449345',1,'1531166252296732673','1531501659200765954','2022-06-04 11:32:38',NULL,1,203.00,'','13018448344','1840','nipengjie','nipengjie'),
('1533698990650163202','1533698990381727746',1,'1531166252296732673','1531501659200765954','2022-06-06 14:35:09',NULL,1,78.00,'','13018448344','1840','nipengjie','nipengjie'),
('1539847976492924929','1539847972248289281',1,'1539833456869425154','1539836590282948609','2022-06-23 13:49:00',NULL,1,78.00,'终于解决这个bug了','13018448322','广东某某地','管理员','管理员'),
('1539848033938112514','1539848033736785922',1,'1539833456869425154','1539836590282948609','2022-06-23 13:49:15',NULL,1,146.00,'','13018448322','广东某某地','管理员','管理员'),
('1541411791479234562','1541411785988890626',1,'1540312882774151170','1541409590685892609','2022-06-27 21:23:02',NULL,1,68.00,'','13018448349','6346','123456','123456'),
('1541412005715894273','1541412005585870850',1,'1540312882774151170','1541409590685892609','2022-06-27 21:23:55',NULL,1,78.00,'','13018448349','6346','123456','123456'),
('1541782573665394690','1541782573468262401',1,'1540312882774151170','1541659733284773890','2022-06-28 21:56:25',NULL,1,116.00,'','13018448349','广东某某地','管理员','管理员'),
('1541784209838219266','1541784209129381889',1,'1540312882774151170','1541659733284773890','2022-06-28 22:02:55',NULL,1,116.00,'','13018448349','广东某某地','管理员','管理员'),
('1541784319422799874','1541784319229861890',1,'1540312882774151170','1541659733284773890','2022-06-28 22:03:21',NULL,1,116.00,'','13018448349','广东某某地','管理员','管理员'),
('1541784609618305026','1541782037050335233',1,'1540312882774151170','1541659733284773890','2022-06-28 22:04:31',NULL,1,116.00,'','13018448349','广东某某地','管理员','管理员'),
('1541784609618305027','1541783914928316418',1,'1540312882774151170','1541659733284773890','2022-06-28 22:04:31',NULL,1,116.00,'','13018448349','广东某某地','管理员','管理员'),
('1541794423857643522','1541794416832184322',1,'1540312882774151170','1541659733284773890','2022-06-28 22:43:30',NULL,1,116.00,'','13018448349','广东某某地','管理员','管理员'),
('1541796198299877378','1541796193233158145',1,'1540312882774151170','1541659733284773890','2022-06-28 22:50:33',NULL,1,116.00,'','13018448349','广东某某地','管理员','管理员'),
('1541796940100288513','1541796939643109377',1,'1540312882774151170','1541659733284773890','2022-06-28 22:53:30',NULL,1,116.00,'','13018448349','广东某某地','管理员','管理员'),
('1541797304161681409','1541797303901634561',1,'1540312882774151170','1541659733284773890','2022-06-28 22:54:57',NULL,1,116.00,'','13018448349','广东某某地','管理员','管理员'),
('1541799537217519617','1541799536819060737',2,'1540312882774151170','1541659733284773890','2022-06-28 23:03:50','2022-06-28 23:04:07',1,116.00,'进行结算','13018448349','广东某某地','管理员','管理员'),
('1541805920788807681','1541805916841967618',2,'1540312882774151170','1541659733284773890','2022-06-28 23:29:11','2022-06-28 23:29:28',1,116.00,'','13018448349','广东某某地','管理员','管理员'),
('1541981927873343489','1541981922164895746',1,'1541970944996016130','1541971165893255170','2022-06-29 11:08:35',NULL,1,194.00,'','13018448349','广东某某地','叶(#`O′)','叶(#`O′)'),
('1541982496738406401','1541982496415444993',4,'1541970944996016130','1541973407715188737','2022-06-29 11:10:51','2022-06-29 11:11:16',1,242.00,'','13018448322','广东某某地','管理员','管理员'),
('1541983540688089089','1541983540096692226',4,'1541970944996016130','1541973407715188737','2022-06-29 11:14:59','2022-06-29 11:16:11',1,78.00,'全部完成','13018448322','广东某某地','管理员','管理员'),
('1542014249213521922','1542014245077938177',3,'1540312882774151170','1541409590685892609','2022-06-29 13:17:01','2022-06-29 13:17:23',1,98.00,'Jiala','13018448349','6346','123456','123456'),
('1547532131164860417','1547532129067708417',1,'1540312882774151170','1541634521679978497','2022-07-14 18:43:06',NULL,1,116.00,'','13018448349','广东某某地','123456','123456'),
('1548528942985789441','1548528859301036033',2,'1540312882774151170','1541634521679978497','2022-07-17 12:44:05','2022-07-17 12:44:36',1,388.00,'加辣','13018448349','广东某某地','123456','123456'),
('1559847409206812674','1559847408011436034',2,'1559073020026646529','1559847370526900226','2022-08-17 18:19:38','2022-08-17 18:20:20',1,146.00,'11','13018448349','广东某某地','管理员','管理员'),
('1559941463378616322','1559941461570871297',4,'1559891071345180673','1559941063858536450','2022-08-18 00:33:22','2022-08-18 00:33:40',1,5.00,'多点料','13018448349','番禺市桥','ye','ye'),
('1559952603970088962','1559952602120400898',2,'obtwi6qhvKSfuUwhgo8','1559058141274185730','2022-08-18 01:17:38','2022-08-18 01:18:04',1,206.00,'加辣','13018448349','@ApiModelProperty(\"详细地址\")     private String detail;      @ApiModelProperty(\"标签\")     private String label;','神武天尊','神武天尊'),
('1559953968775639041','1559953968112939009',2,'1559940056915197954','1559953920411136001','2022-08-18 01:23:03','2022-08-18 01:23:29',1,123.00,'1','13018448444','shiqiaopanyu','yeweilin','yeweilin');

/*Table structure for table `setmeal` */

DROP TABLE IF EXISTS `setmeal`;

CREATE TABLE `setmeal` (
  `id` varchar(20) CHARACTER SET utf8 COLLATE utf8_bin NOT NULL COMMENT '主键',
  `category_id` varchar(20) CHARACTER SET utf8 COLLATE utf8_bin NOT NULL COMMENT '菜品分类id',
  `name` varchar(64) CHARACTER SET utf8 COLLATE utf8_bin NOT NULL COMMENT '套餐名称',
  `price` decimal(10,2) NOT NULL COMMENT '套餐价格',
  `status` int DEFAULT '1' COMMENT '状态 0:停用 1:启用',
  `code` varchar(32) CHARACTER SET utf8 COLLATE utf8_bin DEFAULT NULL COMMENT '编码',
  `description` varchar(512) CHARACTER SET utf8 COLLATE utf8_bin DEFAULT NULL COMMENT '描述信息',
  `image` varchar(255) CHARACTER SET utf8 COLLATE utf8_bin DEFAULT NULL COMMENT '图片',
  `create_time` datetime NOT NULL COMMENT '创建时间',
  `update_time` datetime NOT NULL COMMENT '更新时间',
  `create_user` varchar(20) CHARACTER SET utf8 COLLATE utf8_bin NOT NULL COMMENT '创建人',
  `update_user` varchar(20) CHARACTER SET utf8 COLLATE utf8_bin NOT NULL COMMENT '修改人',
  `is_deleted` int NOT NULL DEFAULT '0' COMMENT '是否删除',
  PRIMARY KEY (`id`) USING BTREE,
  UNIQUE KEY `idx_setmeal_name` (`name`)
) ENGINE=InnoDB DEFAULT CHARSET=utf8 COLLATE=utf8_bin COMMENT='套餐';

/*Data for the table `setmeal` */

insert  into `setmeal`(`id`,`category_id`,`name`,`price`,`status`,`code`,`description`,`image`,`create_time`,`update_time`,`create_user`,`update_user`,`is_deleted`) values 
('1415580119015145474','1413386191767674881','儿童套餐BBBB计划',40000.00,1,'','测试querySetmealByIdquerySetmealByIdquerySetmealByIdquerySetmealById12','\r\nhttps://ed-bucket.oss-cn-beijing.aliyuncs.com/edu/9e7192de147121abf21a3a0143bcb2d2022-02-112.jpg','2021-07-15 15:52:55','2022-08-18 00:40:43','1415576781934608386','1499627791467302914',1),
('1518510426785161218','1413342269393674242','商务套餐1',3400.00,1,'','','\r\nhttps://ed-bucket.oss-cn-beijing.aliyuncs.com/edu/9e7192de147121abf21a3a0143bcb2d2022-02-112.jpg','2022-04-25 16:41:12','2022-05-29 17:36:15','1','1499627791467302914',0),
('1530822758503976962','1413342269393674242','14124',125100.00,0,NULL,'1512512512她她她5550','\r\nhttps://ed-bucket.oss-cn-beijing.aliyuncs.com/edu/9e7192de147121abf21a3a0143bcb2d2022-02-112.jpg','2022-05-29 16:06:02','2022-08-17 18:28:35','1499627791467302914','1499627791467302914',1),
('1533369404827783170','1413342269393674242','12345',123400.00,1,NULL,'14124124124124','https://ed-bucket.oss-cn-beijing.aliyuncs.com/picture.jpg','2022-06-05 16:45:29','2022-08-17 18:28:34','1499627791467302914','1499627791467302914',1),
('1559845623196655618','1530021815462031361','冰雪套餐',123400.00,1,NULL,'123','https://ed-bucket.oss-cn-beijing.aliyuncs.com/441303200112306317.jpg','2022-08-17 18:12:32','2022-08-17 18:12:40','1499627791467302914','1499627791467302914',1),
('1559849899134394370','1413342269393674242','新增套餐',111100.00,1,NULL,'美味至极1。','https://ed-bucket.oss-cn-beijing.aliyuncs.com/441303200112306317.jpg','2022-08-17 18:29:31','2022-08-18 00:40:43','1499627791467302914','1499627791467302914',1),
('1559954768914616321','1559849369083420674','四季套餐plus',123400.00,1,NULL,'siji套餐','https://ed-bucket.oss-cn-beijing.aliyuncs.com/360截图20220118172907064.jpg','2022-08-18 01:26:14','2022-08-18 01:26:26','1499627791467302914','1499627791467302914',0);

/*Table structure for table `setmeal_dish` */

DROP TABLE IF EXISTS `setmeal_dish`;

CREATE TABLE `setmeal_dish` (
  `id` varchar(20) CHARACTER SET utf8 COLLATE utf8_bin NOT NULL COMMENT '主键',
  `setmeal_id` varchar(32) CHARACTER SET utf8 COLLATE utf8_bin NOT NULL COMMENT '套餐id ',
  `dish_id` varchar(32) CHARACTER SET utf8 COLLATE utf8_bin NOT NULL COMMENT '菜品id',
  `name` varchar(32) CHARACTER SET utf8 COLLATE utf8_bin DEFAULT NULL COMMENT '菜品名称 （冗余字段）',
  `price` decimal(10,2) DEFAULT NULL COMMENT '菜品原价（冗余字段）',
  `copies` int NOT NULL COMMENT '份数',
  `sort` int NOT NULL DEFAULT '0' COMMENT '排序',
  `create_time` datetime NOT NULL COMMENT '创建时间',
  `update_time` datetime NOT NULL COMMENT '更新时间',
  `create_user` varchar(20) CHARACTER SET utf8 COLLATE utf8_bin NOT NULL COMMENT '创建人',
  `update_user` varchar(20) CHARACTER SET utf8 COLLATE utf8_bin NOT NULL COMMENT '修改人',
  `is_deleted` int NOT NULL DEFAULT '0' COMMENT '是否删除',
  PRIMARY KEY (`id`) USING BTREE
) ENGINE=InnoDB DEFAULT CHARSET=utf8 COLLATE=utf8_bin COMMENT='套餐菜品关系';

/*Data for the table `setmeal_dish` */

insert  into `setmeal_dish`(`id`,`setmeal_id`,`dish_id`,`name`,`price`,`copies`,`sort`,`create_time`,`update_time`,`create_user`,`update_user`,`is_deleted`) values 
('1518510426801938434','1518510426785161218','1518377248351068161','珍珠奶茶',1700.00,1,0,'2022-04-25 16:41:12','2022-04-25 20:43:41','1','1',0),
('1518510426801938435','1518510426785161218','1397853890262118402','鱼香肉丝',3800.00,1,0,'2022-04-25 16:41:12','2022-04-25 20:43:41','1','1',0),
('1518510426801938436','1518510426785161218','1397849739276890114','辣子鸡',7800.00,1,0,'2022-04-25 16:41:12','2022-04-25 20:43:41','1','1',0),
('1518564100261666818','1415580119015145474','1397862198033297410','老火靓汤',49800.00,1,0,'2022-04-25 20:14:29','2022-04-25 20:14:29','1','1',1),
('1518564100261666819','1415580119015145474','1413342036832100354','北冰洋',500.00,1,0,'2022-04-25 20:14:29','2022-04-25 20:14:29','1','1',1),
('1518564100261666820','1415580119015145474','1413385247889891330','米饭',200.00,1,0,'2022-04-25 20:14:29','2022-04-25 20:14:29','1','1',1),
('1530822758826938369','1530822758503976962','1','123',1234.00,1,0,'2022-05-29 16:06:02','2022-05-29 18:37:04','1499627791467302914','1499627791467302914',1),
('1530822758826938370','1530822758503976962','1397849739276890114','辣子鸡',7800.00,1,0,'2022-05-29 16:06:02','2022-05-29 18:36:19','1499627791467302914','1499627791467302914',1),
('1530822758894047233','1530822758503976962','1397850140982161409','毛氏红烧肉',6800.00,1,0,'2022-05-29 16:06:02','2022-05-29 18:36:19','1499627791467302914','1499627791467302914',1),
('1530822758894047234','1530822758503976962','1397850392090947585','组庵鱼翅',4800.00,1,0,'2022-05-29 16:06:02','2022-05-29 18:36:19','1499627791467302914','1499627791467302914',1),
('1530822758894047235','1530822758503976962','1397850851245600769','霸王别姬',12800.00,1,0,'2022-05-29 16:06:02','2022-05-29 18:35:26','1499627791467302914','1499627791467302914',1),
('1530822758894047236','1530822758503976962','1397851099502260226','全家福',11800.00,1,0,'2022-05-29 16:06:02','2022-05-29 18:35:26','1499627791467302914','1499627791467302914',1),
('1530822758894047237','1530822758503976962','1397851370462687234','邵阳猪血丸子',13800.00,1,0,'2022-05-29 16:06:02','2022-05-29 18:35:26','1499627791467302914','1499627791467302914',1),
('1530862700498108417','1530822758503976962','1397851370462687234','邵阳猪血丸子',13800.00,1,0,'2022-05-29 18:44:45','2022-05-29 18:44:45','1499627791467302914','1499627791467302914',1),
('1530863952627859457','1530822758503976962','1','123',1234.00,1,0,'2022-05-29 18:49:43','2022-05-29 18:49:43','1499627791467302914','1499627791467302914',1),
('1530863952627859458','1530822758503976962','1397849739276890114','辣子鸡',7800.00,1,0,'2022-05-29 18:49:43','2022-05-29 18:49:43','1499627791467302914','1499627791467302914',1),
('1530863952627859459','1530822758503976962','1397850140982161409','毛氏红烧肉',6800.00,1,0,'2022-05-29 18:49:43','2022-05-29 18:49:43','1499627791467302914','1499627791467302914',1),
('1530863998689705985','1415580119015145474','1397862198033297410','老火靓汤',49800.00,1,0,'2022-05-29 18:49:54','2022-05-29 18:49:54','1499627791467302914','1499627791467302914',1),
('1530866579671433218','1415580119015145474','1397862198033297410','老火靓汤',49800.00,1,0,'2022-05-29 19:00:09','2022-05-29 19:00:09','1499627791467302914','1499627791467302914',1),
('1530866579671433219','1415580119015145474','1','123',1234.00,1,0,'2022-05-29 19:00:09','2022-05-29 19:00:09','1499627791467302914','1499627791467302914',1),
('1530866579671433220','1415580119015145474','1397849739276890114','辣子鸡',7800.00,1,0,'2022-05-29 19:00:09','2022-05-29 19:00:09','1499627791467302914','1499627791467302914',1),
('1530866579738542082','1415580119015145474','1397850140982161409','毛氏红烧肉',6800.00,1,0,'2022-05-29 19:00:09','2022-05-29 19:00:09','1499627791467302914','1499627791467302914',1),
('1530893793305640962','1530822758503976962','1','123',1234.00,1,0,'2022-05-29 20:48:18','2022-05-29 20:48:18','1499627791467302914','1499627791467302914',1),
('1530893961040052226','1530893960771616770','1530510459255812098','沙西',12300.00,1,0,'2022-05-29 20:48:58','2022-05-29 20:48:58','1499627791467302914','1499627791467302914',1),
('1533367662685868033','1415580119015145474','1397849739276890114','辣子鸡',7800.00,1,0,'2022-06-05 16:38:34','2022-06-05 16:38:34','1499627791467302914','1499627791467302914',1),
('1533367662685868034','1415580119015145474','1397850140982161409','毛氏红烧肉',6800.00,1,0,'2022-06-05 16:38:34','2022-06-05 16:38:34','1499627791467302914','1499627791467302914',1),
('1533367662685868035','1415580119015145474','1397851099502260226','全家福',11800.00,1,0,'2022-06-05 16:38:34','2022-06-05 16:38:34','1499627791467302914','1499627791467302914',1),
('1533367662706839553','1415580119015145474','1397850392090947585','组庵鱼翅',4800.00,1,0,'2022-06-05 16:38:34','2022-06-05 16:38:34','1499627791467302914','1499627791467302914',1),
('1533367662711033857','1415580119015145474','1397850140982161409','毛氏红烧肉',6800.00,1,0,'2022-06-05 16:38:34','2022-06-05 16:38:34','1499627791467302914','1499627791467302914',1),
('1533367662711033858','1415580119015145474','1397849739276890114','辣子鸡',7800.00,1,0,'2022-06-05 16:38:34','2022-06-05 16:38:34','1499627791467302914','1499627791467302914',1),
('1533367700287803393','1415580119015145474','1397849739276890114','辣子鸡',7800.00,1,0,'2022-06-05 16:38:43','2022-06-05 16:38:43','1499627791467302914','1499627791467302914',1),
('1533367700296192002','1415580119015145474','1397850140982161409','毛氏红烧肉',6800.00,1,0,'2022-06-05 16:38:43','2022-06-05 16:38:43','1499627791467302914','1499627791467302914',1),
('1533367700304580610','1415580119015145474','1397851099502260226','全家福',11800.00,1,0,'2022-06-05 16:38:43','2022-06-05 16:38:43','1499627791467302914','1499627791467302914',1),
('1533367700304580611','1415580119015145474','1397850392090947585','组庵鱼翅',4800.00,1,0,'2022-06-05 16:38:43','2022-06-05 16:38:43','1499627791467302914','1499627791467302914',1),
('1533367700312969217','1415580119015145474','1530483686698844161','山东卤味鸡',20000.00,1,0,'2022-06-05 16:38:43','2022-06-05 16:38:43','1499627791467302914','1499627791467302914',1),
('1533367700312969218','1415580119015145474','1530484525739999234','山东卤肉饭',20000.00,1,0,'2022-06-05 16:38:43','2022-06-05 16:38:43','1499627791467302914','1499627791467302914',1),
('1533367700321357825','1415580119015145474','1530488126352822273','1234',12300.00,1,0,'2022-06-05 16:38:43','2022-06-05 16:38:43','1499627791467302914','1499627791467302914',1),
('1533369405146550273','1533369404827783170','1397850140982161409','毛氏红烧肉',6800.00,1,0,'2022-06-05 16:45:29','2022-06-05 16:45:29','1499627791467302914','1499627791467302914',1),
('1533369405175910402','1533369404827783170','1397849739276890114','辣子鸡',7800.00,1,0,'2022-06-05 16:45:29','2022-06-05 16:45:29','1499627791467302914','1499627791467302914',1),
('1533369405184299010','1533369404827783170','1397850392090947585','组庵鱼翅',4800.00,1,0,'2022-06-05 16:45:29','2022-06-05 16:45:29','1499627791467302914','1499627791467302914',1),
('1533369405188493313','1533369404827783170','1397851099502260226','全家福',11800.00,1,0,'2022-06-05 16:45:29','2022-06-05 16:45:29','1499627791467302914','1499627791467302914',1),
('1533369405188493314','1533369404827783170','1397851370462687234','邵阳猪血丸子',13800.00,1,0,'2022-06-05 16:45:29','2022-06-05 16:45:29','1499627791467302914','1499627791467302914',1),
('1533369405188493315','1533369404827783170','1397851668262465537','口味蛇',16800.00,1,0,'2022-06-05 16:45:29','2022-06-05 16:45:29','1499627791467302914','1499627791467302914',1),
('1533369463300575234','1533369404827783170','1397850140982161409','毛氏红烧肉',6800.00,1,0,'2022-06-05 16:45:43','2022-06-05 16:45:43','1499627791467302914','1499627791467302914',1),
('1533369463300575235','1533369404827783170','1397849739276890114','辣子鸡',7800.00,1,0,'2022-06-05 16:45:43','2022-06-05 16:45:43','1499627791467302914','1499627791467302914',1),
('1533369463300575236','1533369404827783170','1397850392090947585','组庵鱼翅',4800.00,1,0,'2022-06-05 16:45:43','2022-06-05 16:45:43','1499627791467302914','1499627791467302914',1),
('1533369463300575237','1533369404827783170','1397851099502260226','全家福',11800.00,1,0,'2022-06-05 16:45:43','2022-06-05 16:45:43','1499627791467302914','1499627791467302914',1),
('1533369463300575238','1533369404827783170','1397851370462687234','邵阳猪血丸子',13800.00,1,0,'2022-06-05 16:45:43','2022-06-05 16:45:43','1499627791467302914','1499627791467302914',1),
('1533369463300575239','1533369404827783170','1397851668262465537','口味蛇',16800.00,1,0,'2022-06-05 16:45:43','2022-06-05 16:45:43','1499627791467302914','1499627791467302914',1),
('1533369463300575240','1533369404827783170','1530572083287216130','5523',235200.00,1,0,'2022-06-05 16:45:43','2022-06-05 16:45:43','1499627791467302914','1499627791467302914',1),
('1533369463300575241','1533369404827783170','1530556623028178945','12346',12300.00,1,0,'2022-06-05 16:45:43','2022-06-05 16:45:43','1499627791467302914','1499627791467302914',1),
('1533369463300575242','1533369404827783170','1530488126352822273','1234',12300.00,1,0,'2022-06-05 16:45:43','2022-06-05 16:45:43','1499627791467302914','1499627791467302914',1),
('1542013330786762754','1415580119015145474','1397849739276890114','辣子鸡',7800.00,1,0,'2022-06-29 13:13:22','2022-06-29 13:13:22','1499627791467302914','1499627791467302914',1),
('1542013330799345666','1415580119015145474','1397850140982161409','毛氏红烧肉',6800.00,1,0,'2022-06-29 13:13:22','2022-06-29 13:13:22','1499627791467302914','1499627791467302914',1),
('1542013330799345667','1415580119015145474','1397851099502260226','全家福',11800.00,1,0,'2022-06-29 13:13:22','2022-06-29 13:13:22','1499627791467302914','1499627791467302914',1),
('1542013330807734273','1415580119015145474','1397850392090947585','组庵鱼翅',4800.00,1,0,'2022-06-29 13:13:22','2022-06-29 13:13:22','1499627791467302914','1499627791467302914',1),
('1542013330816122882','1415580119015145474','1530483686698844161','山东卤味鸡',20000.00,1,0,'2022-06-29 13:13:22','2022-06-29 13:13:22','1499627791467302914','1499627791467302914',1),
('1542013330832900097','1415580119015145474','1530484525739999234','山东卤肉饭',20000.00,1,0,'2022-06-29 13:13:22','2022-06-29 13:13:22','1499627791467302914','1499627791467302914',1),
('1559845623540588546','1559845623196655618','1397849739276890114','辣子鸡',7800.00,1,0,'2022-08-17 18:12:32','2022-08-17 18:12:32','1499627791467302914','1499627791467302914',1),
('1559845623548977153','1559845623196655618','1397851099502260226','全家福',11800.00,1,0,'2022-08-17 18:12:32','2022-08-17 18:12:32','1499627791467302914','1499627791467302914',1),
('1559845623565754370','1559845623196655618','1518377248351068161','珍珠奶茶',1700.00,1,0,'2022-08-17 18:12:32','2022-08-17 18:12:32','1499627791467302914','1499627791467302914',1),
('1559849616069206018','1415580119015145474','1397851099502260226','全家福',11800.00,1,0,'2022-08-17 18:28:24','2022-08-17 18:28:24','1499627791467302914','1499627791467302914',1),
('1559849616085983234','1415580119015145474','1397850392090947585','组庵鱼翅',4800.00,1,0,'2022-08-17 18:28:24','2022-08-17 18:28:24','1499627791467302914','1499627791467302914',1),
('1559849616098566146','1415580119015145474','1530483686698844161','山东卤味鸡',20000.00,1,0,'2022-08-17 18:28:24','2022-08-17 18:28:24','1499627791467302914','1499627791467302914',1),
('1559849616140509186','1415580119015145474','1530484525739999234','山东卤肉饭',20000.00,1,0,'2022-08-17 18:28:24','2022-08-17 18:28:24','1499627791467302914','1499627791467302914',1),
('1559849616157286401','1415580119015145474','1530483686698844161','山东卤味鸡',20000.00,1,0,'2022-08-17 18:28:24','2022-08-17 18:28:24','1499627791467302914','1499627791467302914',1),
('1559849616169869314','1415580119015145474','1530484525739999234','山东卤肉饭',20000.00,1,0,'2022-08-17 18:28:24','2022-08-17 18:28:24','1499627791467302914','1499627791467302914',1),
('1559849899302166530','1559849899134394370','1397850392090947585','组庵鱼翅',4800.00,1,0,'2022-08-17 18:29:31','2022-08-17 18:29:31','1499627791467302914','1499627791467302914',1),
('1559849899302166531','1559849899134394370','1397851099502260226','全家福',11800.00,1,0,'2022-08-17 18:29:31','2022-08-17 18:29:31','1499627791467302914','1499627791467302914',1),
('1559849899314749442','1559849899134394370','1518377248351068161','珍珠奶茶',1700.00,1,0,'2022-08-17 18:29:31','2022-08-17 18:29:31','1499627791467302914','1499627791467302914',1),
('1559849899314749443','1559849899134394370','1413384757047271425','王老吉',500.00,1,0,'2022-08-17 18:29:31','2022-08-17 18:29:31','1499627791467302914','1499627791467302914',1),
('1559849899323138050','1559849899134394370','1413342036832100354','北冰洋',500.00,1,0,'2022-08-17 18:29:31','2022-08-17 18:29:31','1499627791467302914','1499627791467302914',1),
('1559943251062267905','1559849899134394370','1397850392090947585','组庵鱼翅',4800.00,2,0,'2022-08-18 00:40:28','2022-08-18 00:40:28','1499627791467302914','1499627791467302914',1),
('1559943251070656513','1559849899134394370','1397851099502260226','全家福',11800.00,2,0,'2022-08-18 00:40:28','2022-08-18 00:40:28','1499627791467302914','1499627791467302914',1),
('1559943251083239425','1559849899134394370','1518377248351068161','珍珠奶茶',1700.00,2,0,'2022-08-18 00:40:28','2022-08-18 00:40:28','1499627791467302914','1499627791467302914',1),
('1559943251083239426','1559849899134394370','1413384757047271425','王老吉',500.00,2,0,'2022-08-18 00:40:28','2022-08-18 00:40:28','1499627791467302914','1499627791467302914',1),
('1559943251120988162','1559849899134394370','1413342036832100354','北冰洋',500.00,2,0,'2022-08-18 00:40:28','2022-08-18 00:40:28','1499627791467302914','1499627791467302914',1),
('1559954769237577729','1559954768914616321','1397849739276890114','辣子鸡',7800.00,1,0,'2022-08-18 01:26:14','2022-08-18 01:26:14','1499627791467302914','1499627791467302914',1),
('1559954769262743554','1559954768914616321','1397850140982161409','毛氏红烧肉',6800.00,1,0,'2022-08-18 01:26:14','2022-08-18 01:26:14','1499627791467302914','1499627791467302914',1),
('1559954769271132161','1559954768914616321','1397851099502260226','全家福',11800.00,1,0,'2022-08-18 01:26:14','2022-08-18 01:26:14','1499627791467302914','1499627791467302914',1),
('1559954769287909377','1559954768914616321','1559943104806887425','新菜式',111100.00,1,0,'2022-08-18 01:26:14','2022-08-18 01:26:14','1499627791467302914','1499627791467302914',1),
('1559954818940080129','1559954768914616321','1397849739276890114','辣子鸡',7800.00,1,0,'2022-08-18 01:26:26','2022-08-18 01:26:26','1499627791467302914','1499627791467302914',0),
('1559954818998800385','1559954768914616321','1397850140982161409','毛氏红烧肉',6800.00,1,0,'2022-08-18 01:26:26','2022-08-18 01:26:26','1499627791467302914','1499627791467302914',0),
('1559954818998800386','1559954768914616321','1397851099502260226','全家福',11800.00,1,0,'2022-08-18 01:26:26','2022-08-18 01:26:26','1499627791467302914','1499627791467302914',0),
('1559954818998800387','1559954768914616321','1559943104806887425','新菜式',111100.00,1,0,'2022-08-18 01:26:26','2022-08-18 01:26:26','1499627791467302914','1499627791467302914',0);

/*Table structure for table `shopping_cart` */

DROP TABLE IF EXISTS `shopping_cart`;

CREATE TABLE `shopping_cart` (
  `id` varchar(20) CHARACTER SET utf8 COLLATE utf8_bin NOT NULL COMMENT '主键',
  `name` varchar(50) CHARACTER SET utf8 COLLATE utf8_bin DEFAULT NULL COMMENT '名称',
  `image` varchar(100) CHARACTER SET utf8 COLLATE utf8_bin DEFAULT NULL COMMENT '图片',
  `user_id` varchar(20) CHARACTER SET utf8 COLLATE utf8_bin NOT NULL COMMENT '主键',
  `dish_id` varchar(20) CHARACTER SET utf8 COLLATE utf8_bin DEFAULT NULL COMMENT '菜品id',
  `setmeal_id` varchar(20) CHARACTER SET utf8 COLLATE utf8_bin DEFAULT NULL COMMENT '套餐id',
  `dish_flavor` varchar(50) CHARACTER SET utf8 COLLATE utf8_bin DEFAULT NULL COMMENT '口味',
  `number` int NOT NULL DEFAULT '1' COMMENT '数量',
  `amount` decimal(10,2) NOT NULL COMMENT '金额',
  `create_time` datetime DEFAULT NULL COMMENT '创建时间',
  `is_deleted` int NOT NULL DEFAULT '0' COMMENT '是否删除',
  `update_time` datetime NOT NULL COMMENT '更新时间',
  PRIMARY KEY (`id`) USING BTREE
) ENGINE=InnoDB DEFAULT CHARSET=utf8 COLLATE=utf8_bin COMMENT='购物车';

/*Data for the table `shopping_cart` */

insert  into `shopping_cart`(`id`,`name`,`image`,`user_id`,`dish_id`,`setmeal_id`,`dish_flavor`,`number`,`amount`,`create_time`,`is_deleted`,`update_time`) values 
('1532640348197003266','辣子鸡','\r\nhttps://ed-bucket.oss-cn-beijing.aliyuncs.com/edu/9e7192de147121abf21a3a0143bcb2d2022-02-112.jpg','1531166252296732673','1397849739276890114',NULL,'不要蒜,中辣',2,78.00,'2022-06-03 16:28:29',1,'2022-06-03 16:28:38'),
('1532640357114093570','毛氏红烧肉','\r\nhttps://ed-bucket.oss-cn-beijing.aliyuncs.com/edu/9e7192de147121abf21a3a0143bcb2d2022-02-112.jpg','1531166252296732673','1397850140982161409',NULL,'不要香菜,微辣',2,68.00,'2022-06-03 16:28:31',1,'2022-06-03 16:28:39'),
('1532640376584052737','霸王别姬','\r\nhttps://ed-bucket.oss-cn-beijing.aliyuncs.com/edu/9e7192de147121abf21a3a0143bcb2d2022-02-112.jpg','1531166252296732673','1397850851245600769',NULL,'不要蒜,不辣',1,128.00,'2022-06-03 16:28:36',1,'2022-06-03 16:28:36'),
('1532643300206878721','组庵鱼翅','\r\nhttps://ed-bucket.oss-cn-beijing.aliyuncs.com/edu/9e7192de147121abf21a3a0143bcb2d2022-02-112.jpg','1531166252296732673','1397850392090947585',NULL,'微辣',1,48.00,'2022-06-03 16:40:13',1,'2022-06-03 16:40:13'),
('1532643310751358978','辣子鸡','\r\nhttps://ed-bucket.oss-cn-beijing.aliyuncs.com/edu/9e7192de147121abf21a3a0143bcb2d2022-02-112.jpg','1531166252296732673','1397849739276890114',NULL,'不要葱,不辣',1,78.00,'2022-06-03 16:40:15',1,'2022-06-03 16:40:15'),
('1532736528058851330','北冰洋','\r\nhttps://ed-bucket.oss-cn-beijing.aliyuncs.com/edu/9e7192de147121abf21a3a0143bcb2d2022-02-112.jpg','1531166252296732673','1413342036832100354',NULL,'冷藏',1,5.00,'2022-06-03 22:50:40',1,'2022-06-03 22:50:40'),
('1532928020308242433','麻辣兔头','\r\nhttps://ed-bucket.oss-cn-beijing.aliyuncs.com/edu/9e7192de147121abf21a3a0143bcb2d2022-02-112.jpg','1531166252296732673','1397853183287013378',NULL,'不辣',1,198.00,'2022-06-04 11:31:35',1,'2022-06-04 11:31:35'),
('1533697814231863298','辣子鸡','\r\nhttps://ed-bucket.oss-cn-beijing.aliyuncs.com/edu/9e7192de147121abf21a3a0143bcb2d2022-02-112.jpg','1531166252296732673','1397849739276890114',NULL,'不要蒜,微辣',1,78.00,'2022-06-06 14:30:28',1,'2022-06-06 14:30:28'),
('1539621413314793474','辣子鸡','\r\nhttps://ed-bucket.oss-cn-beijing.aliyuncs.com/edu/9e7192de147121abf21a3a0143bcb2d2022-02-112.jpg','1531166252296732673','1397849739276890114',NULL,'不要葱,不辣',1,78.00,'2022-06-22 22:48:44',0,'2022-06-22 22:48:44'),
('1539836508313677825','辣子鸡','\r\nhttps://ed-bucket.oss-cn-beijing.aliyuncs.com/edu/9e7192de147121abf21a3a0143bcb2d2022-02-112.jpg','1539833456869425154','1397849739276890114',NULL,'不要蒜,重辣',1,78.00,'2022-06-23 13:03:27',1,'2022-06-23 13:03:27'),
('1539839448717914113','辣子鸡','\r\nhttps://ed-bucket.oss-cn-beijing.aliyuncs.com/edu/9e7192de147121abf21a3a0143bcb2d2022-02-112.jpg','1539833456869425154','1397849739276890114',NULL,'不要葱,微辣',1,78.00,'2022-06-23 13:15:08',1,'2022-06-23 13:15:08'),
('1539848010655490050','辣子鸡','\r\nhttps://ed-bucket.oss-cn-beijing.aliyuncs.com/edu/9e7192de147121abf21a3a0143bcb2d2022-02-112.jpg','1539833456869425154','1397849739276890114',NULL,'不要香菜,中辣',1,78.00,'2022-06-23 13:49:09',1,'2022-06-23 13:49:09'),
('1539848022319849473','毛氏红烧肉','\r\nhttps://ed-bucket.oss-cn-beijing.aliyuncs.com/edu/9e7192de147121abf21a3a0143bcb2d2022-02-112.jpg','1539833456869425154','1397850140982161409',NULL,'不要葱,不辣',1,68.00,'2022-06-23 13:49:12',1,'2022-06-23 13:49:12'),
('1541409164871811074','毛氏红烧肉','\r\nhttps://ed-bucket.oss-cn-beijing.aliyuncs.com/edu/9e7192de147121abf21a3a0143bcb2d2022-02-112.jpg','1540312882774151170','1397850140982161409',NULL,'不要葱,中辣',1,68.00,'2022-06-27 21:12:38',1,'2022-06-27 21:12:38'),
('1541411990956097537','辣子鸡','\r\nhttps://ed-bucket.oss-cn-beijing.aliyuncs.com/edu/9e7192de147121abf21a3a0143bcb2d2022-02-112.jpg','1540312882774151170','1397849739276890114',NULL,'不要蒜,重辣',1,78.00,'2022-06-27 21:23:51',1,'2022-06-27 21:23:51'),
('1541412129812725761','组庵鱼翅','\r\nhttps://ed-bucket.oss-cn-beijing.aliyuncs.com/edu/9e7192de147121abf21a3a0143bcb2d2022-02-112.jpg','1540312882774151170','1397850392090947585',NULL,'重辣',1,48.00,'2022-06-27 21:24:24',1,'2022-06-27 21:24:24'),
('1541414117673746433','辣子鸡','\r\nhttps://ed-bucket.oss-cn-beijing.aliyuncs.com/edu/9e7192de147121abf21a3a0143bcb2d2022-02-112.jpg','1540312882774151170','1397849739276890114',NULL,'不要蒜,不辣',1,78.00,'2022-06-27 21:32:18',1,'2022-06-27 21:32:18'),
('1541633458298150914','辣子鸡','\r\nhttps://ed-bucket.oss-cn-beijing.aliyuncs.com/edu/9e7192de147121abf21a3a0143bcb2d2022-02-112.jpg','1540312882774151170','1397849739276890114',NULL,'不要香菜,微辣',1,78.00,'2022-06-28 12:03:53',1,'2022-06-28 12:03:53'),
('1541695071344529410','毛氏红烧肉','\r\nhttps://ed-bucket.oss-cn-beijing.aliyuncs.com/edu/9e7192de147121abf21a3a0143bcb2d2022-02-112.jpg','1540312882774151170','1397850140982161409',NULL,'不要葱,重辣',1,68.00,'2022-06-28 16:08:43',1,'2022-06-28 16:08:43'),
('1541726392762634241','组庵鱼翅','\r\nhttps://ed-bucket.oss-cn-beijing.aliyuncs.com/edu/9e7192de147121abf21a3a0143bcb2d2022-02-112.jpg','1540312882774151170','1397850392090947585',NULL,'中辣',1,48.00,'2022-06-28 18:13:11',1,'2022-06-28 18:13:11'),
('1541970982207946754','辣子鸡','\r\nhttps://ed-bucket.oss-cn-beijing.aliyuncs.com/edu/9e7192de147121abf21a3a0143bcb2d2022-02-112.jpg','1541970944996016130','1397849739276890114',NULL,'不要香菜,微辣',1,78.00,'2022-06-29 10:25:05',1,'2022-06-29 10:25:05'),
('1541970996871233538','组庵鱼翅','\r\nhttps://ed-bucket.oss-cn-beijing.aliyuncs.com/edu/9e7192de147121abf21a3a0143bcb2d2022-02-112.jpg','1541970944996016130','1397850392090947585',NULL,'中辣',1,48.00,'2022-06-29 10:25:09',1,'2022-06-29 10:25:09'),
('1541975544205606913','毛氏红烧肉','\r\nhttps://ed-bucket.oss-cn-beijing.aliyuncs.com/edu/9e7192de147121abf21a3a0143bcb2d2022-02-112.jpg','1541970944996016130','1397850140982161409',NULL,'不要香菜,中辣',1,68.00,'2022-06-29 10:43:13',1,'2022-06-29 10:43:13'),
('1541982474277945345','组庵鱼翅','\r\nhttps://ed-bucket.oss-cn-beijing.aliyuncs.com/edu/9e7192de147121abf21a3a0143bcb2d2022-02-112.jpg','1541970944996016130','1397850392090947585',NULL,'重辣',1,48.00,'2022-06-29 11:10:45',1,'2022-06-29 11:10:45'),
('1541982726884098049','辣子鸡','\r\nhttps://ed-bucket.oss-cn-beijing.aliyuncs.com/edu/9e7192de147121abf21a3a0143bcb2d2022-02-112.jpg','1541970944996016130','1397849739276890114',NULL,'不要香菜,中辣',1,78.00,'2022-06-29 11:11:45',1,'2022-06-29 11:11:45'),
('1542014082192142337','辣子鸡','\r\nhttps://ed-bucket.oss-cn-beijing.aliyuncs.com/edu/9e7192de147121abf21a3a0143bcb2d2022-02-112.jpg','1540312882774151170','1397849739276890114',NULL,'不要葱,中辣',1,78.00,'2022-06-29 13:16:21',1,'2022-06-29 13:16:21'),
('1542014092078116866','组庵鱼翅','\r\nhttps://ed-bucket.oss-cn-beijing.aliyuncs.com/edu/9e7192de147121abf21a3a0143bcb2d2022-02-112.jpg','1540312882774151170','1397850392090947585',NULL,'不辣',1,48.00,'2022-06-29 13:16:23',1,'2022-06-29 13:16:23'),
('1542014103906054146','全家福','\r\nhttps://ed-bucket.oss-cn-beijing.aliyuncs.com/edu/9e7192de147121abf21a3a0143bcb2d2022-02-112.jpg','1540312882774151170','1397851099502260226',NULL,'不要香菜,不辣',1,118.00,'2022-06-29 13:16:26',1,'2022-06-29 13:16:26'),
('1542014207706689538','蒜泥白肉','https://ed-bucket.oss-cn-beijing.aliyuncs.com/picture.jpg','1540312882774151170','1397853709101740034',NULL,'不要葱,多糖,常温',1,98.00,'2022-06-29 13:16:51',1,'2022-06-29 13:16:51'),
('1547522067653812225','毛氏红烧肉','\r\nhttps://ed-bucket.oss-cn-beijing.aliyuncs.com/edu/9e7192de147121abf21a3a0143bcb2d2022-02-112.jpg','1540312882774151170','1397850140982161409',NULL,'不要蒜,不辣',1,68.00,'2022-07-14 18:03:07',1,'2022-07-14 18:03:07'),
('1547532112344965122','组庵鱼翅','\r\nhttps://ed-bucket.oss-cn-beijing.aliyuncs.com/edu/9e7192de147121abf21a3a0143bcb2d2022-02-112.jpg','1540312882774151170','1397850392090947585',NULL,'中辣',1,48.00,'2022-07-14 18:43:02',1,'2022-07-14 18:43:02'),
('1547532224144138242','辣子鸡丁','\r\nhttps://ed-bucket.oss-cn-beijing.aliyuncs.com/edu/9e7192de147121abf21a3a0143bcb2d2022-02-112.jpg','1540312882774151170','1397852391150759938',NULL,'不要香菜,微辣',1,88.00,'2022-07-14 18:43:29',1,'2022-07-14 18:43:29'),
('1548528421851971586','清蒸河鲜海鲜','\r\nhttps://ed-bucket.oss-cn-beijing.aliyuncs.com/edu/9e7192de147121abf21a3a0143bcb2d2022-02-112.jpg','1540312882774151170','1397861683434139649',NULL,'不要蒜',1,388.00,'2022-07-17 12:42:01',1,'2022-07-17 12:42:01'),
('1559847289186738177','辣子鸡','\r\nhttps://ed-bucket.oss-cn-beijing.aliyuncs.com/edu/9e7192de147121abf21a3a0143bcb2d2022-02-112.jpg','1559073020026646529','1397849739276890114',NULL,'不要香菜,微辣',1,78.00,'2022-08-17 18:19:09',1,'2022-08-17 18:19:09'),
('1559847308811886594','毛氏红烧肉','\r\nhttps://ed-bucket.oss-cn-beijing.aliyuncs.com/edu/9e7192de147121abf21a3a0143bcb2d2022-02-112.jpg','1559073020026646529','1397850140982161409',NULL,'不要蒜,重辣',1,68.00,'2022-08-17 18:19:14',1,'2022-08-17 18:19:14'),
('1559941280095854593','辣子鸡','\r\nhttps://ed-bucket.oss-cn-beijing.aliyuncs.com/edu/9e7192de147121abf21a3a0143bcb2d2022-02-112.jpg','1559891071345180673','1397849739276890114',NULL,'不要香菜,微辣',1,78.00,'2022-08-18 00:32:38',1,'2022-08-18 00:32:38'),
('1559941355157118978','组庵鱼翅','\r\nhttps://ed-bucket.oss-cn-beijing.aliyuncs.com/edu/9e7192de147121abf21a3a0143bcb2d2022-02-112.jpg','1559891071345180673','1397850392090947585',NULL,'中辣',1,48.00,'2022-08-18 00:32:56',1,'2022-08-18 00:32:56'),
('1559941393430142978','北冰洋','\r\nhttps://ed-bucket.oss-cn-beijing.aliyuncs.com/edu/9e7192de147121abf21a3a0143bcb2d2022-02-112.jpg','1559891071345180673','1413342036832100354',NULL,'冷藏',1,5.00,'2022-08-18 00:33:05',1,'2022-08-18 00:33:05'),
('1559952456158588930','辣子鸡','\r\nhttps://ed-bucket.oss-cn-beijing.aliyuncs.com/edu/9e7192de147121abf21a3a0143bcb2d2022-02-112.jpg','obtwi6qhvKSfuUwhgo8','1397849739276890114',NULL,'不要蒜,不辣',1,78.00,'2022-08-18 01:17:03',1,'2022-08-18 01:17:03'),
('1559952519538716673','霸王别姬','\r\nhttps://ed-bucket.oss-cn-beijing.aliyuncs.com/edu/9e7192de147121abf21a3a0143bcb2d2022-02-112.jpg','obtwi6qhvKSfuUwhgo8','1397850851245600769',NULL,'不要蒜,中辣',1,128.00,'2022-08-18 01:17:18',1,'2022-08-18 01:17:18'),
('1559953724088299521','辣子鸡','\r\nhttps://ed-bucket.oss-cn-beijing.aliyuncs.com/edu/9e7192de147121abf21a3a0143bcb2d2022-02-112.jpg','1559940056915197954','1397849739276890114',NULL,'不要香菜,微辣',1,78.00,'2022-08-18 01:22:05',1,'2022-08-18 01:22:05'),
('1559953737837228034','毛氏红烧肉','\r\nhttps://ed-bucket.oss-cn-beijing.aliyuncs.com/edu/9e7192de147121abf21a3a0143bcb2d2022-02-112.jpg','1559940056915197954','1397850140982161409',NULL,'不要葱,重辣',1,68.00,'2022-08-18 01:22:08',1,'2022-08-18 01:22:08'),
('1559953796024807426','冬天s1','https://ed-bucket.oss-cn-beijing.aliyuncs.com/1.jpg','1559940056915197954','1542013157012553729',NULL,'无糖,热饮',1,123.00,'2022-08-18 01:22:22',1,'2022-08-18 01:22:22'),
('1561018784416129025','辣子鸡','\r\nhttps://ed-bucket.oss-cn-beijing.aliyuncs.com/edu/9e7192de147121abf21a3a0143bcb2d2022-02-112.jpg','1559891071345180673','1397849739276890114',NULL,'不要香菜,重辣',1,78.00,'2022-08-20 23:54:15',0,'2022-08-20 23:54:15');

/*Table structure for table `user` */

DROP TABLE IF EXISTS `user`;

CREATE TABLE `user` (
  `id` varchar(40) CHARACTER SET utf8 COLLATE utf8_bin NOT NULL COMMENT '主键',
  `name` varchar(50) CHARACTER SET utf8 COLLATE utf8_bin DEFAULT NULL COMMENT '姓名',
  `phone` varchar(100) CHARACTER SET utf8 COLLATE utf8_bin DEFAULT '0' COMMENT '手机号',
  `sex` varchar(2) CHARACTER SET utf8 COLLATE utf8_bin DEFAULT NULL COMMENT '性别',
  `id_number` varchar(18) CHARACTER SET utf8 COLLATE utf8_bin DEFAULT NULL COMMENT '身份证号',
  `avatar` varchar(500) CHARACTER SET utf8 COLLATE utf8_bin DEFAULT 'https://thirdwx.qlogo.cn/mmopen/vi_32/ibxjFt8hjzupicV4KLDcwJ0MyviaHpEuIISkFicpAIKRHYYpsQ0P1vuWLI1StEVBWuqicTELdy6DMS3LZrmdSAcFF9Q/132' COMMENT '头像',
  `status` int DEFAULT '1' COMMENT '状态 0:禁用，1:正常',
  PRIMARY KEY (`id`) USING BTREE
) ENGINE=InnoDB DEFAULT CHARSET=utf8 COMMENT='用户信息';

/*Data for the table `user` */

insert  into `user`(`id`,`name`,`phone`,`sex`,`id_number`,`avatar`,`status`) values 
('1559891071345180673',NULL,'13018448349',NULL,NULL,'https://thirdwx.qlogo.cn/mmopen/vi_32/ibxjFt8hjzupicV4KLDcwJ0MyviaHpEuIISkFicpAIKRHYYpsQ0P1vuWLI1StEVBWuqicTELdy6DMS3LZrmdSAcFF9Q/132',1),
('1559940056915197954',NULL,'13018448326',NULL,NULL,'https://thirdwx.qlogo.cn/mmopen/vi_32/ibxjFt8hjzupicV4KLDcwJ0MyviaHpEuIISkFicpAIKRHYYpsQ0P1vuWLI1StEVBWuqicTELdy6DMS3LZrmdSAcFF9Q/132',1),
('obtwi6qhvKSfuUwhgo8','æµè¯app','obtwi6qhvKSfuUwhgo8','0',NULL,'https://thirdwx.qlogo.cn/mmopen/vi_32/ibxjFt8hjzupicV4KLDcwJ0MyviaHpEuIISkFicpAIKRHYYpsQ0P1vuWLI1StEVBWuqicTELdy6DMS3LZrmdSAcFF9Q/132',1);

/*Table structure for table `user1` */

DROP TABLE IF EXISTS `user1`;

CREATE TABLE `user1` (
  `id` varchar(20) CHARACTER SET utf8 COLLATE utf8_bin NOT NULL COMMENT '主键',
  `name` varchar(50) CHARACTER SET utf8 COLLATE utf8_bin DEFAULT NULL COMMENT '姓名',
  `phone` varchar(100) CHARACTER SET utf8 COLLATE utf8_bin DEFAULT '0' COMMENT '手机号',
  `sex` varchar(2) CHARACTER SET utf8 COLLATE utf8_bin DEFAULT NULL COMMENT '性别',
  `id_number` varchar(18) CHARACTER SET utf8 COLLATE utf8_bin DEFAULT NULL COMMENT '身份证号',
  `avatar` varchar(500) CHARACTER SET utf8 COLLATE utf8_bin DEFAULT NULL COMMENT '头像',
  `status` int DEFAULT '1' COMMENT '状态 0:禁用，1:正常',
  PRIMARY KEY (`id`) USING BTREE
) ENGINE=InnoDB DEFAULT CHARSET=utf8 COMMENT='用户信息';

/*Data for the table `user1` */

/*!40101 SET SQL_MODE=@OLD_SQL_MODE */;
/*!40014 SET FOREIGN_KEY_CHECKS=@OLD_FOREIGN_KEY_CHECKS */;
/*!40014 SET UNIQUE_CHECKS=@OLD_UNIQUE_CHECKS */;
/*!40111 SET SQL_NOTES=@OLD_SQL_NOTES */;
